Position X [mm],Radius Y [mm],Channel Width [mm],Channel Height [mm],Rib Width [mm],Helix Angle [deg],Mach Number,T_Gas_Recovery [K],h_Gas [W/m2K],T_Wall_Hot [K],T_Wall_Cold [K],T_Coolant [K],P_Coolant [bar],Density_Coolant [kg/m3],Velocity_Coolant [m/s],Quality_Coolant,Heat_Flux [MW/m2]
-130.39493177921753,49.281184675673586,4.792834622899756,0.75,0.6,0.0,0.04957740790805289,2923.562343502868,705.1411573958264,601.1567114562268,546.5692516120951,379.7386214862491,95.28461734818941,177.03309803369706,13.631870342923254,999.0,1.6376237953239545
-129.3798260709228,49.281184675673586,4.792834622899756,0.75,0.6,0.0,0.04957740790805289,2923.562343502868,705.1411573958264,600.2798663058802,545.6717964749427,379.06319522941084,95.28461734818941,177.83857992784252,13.570127695467237,999.0,1.6382420949281264
-128.36472036262808,49.281184675673586,4.792834622899756,0.75,0.6,0.0,0.04957740790805289,2923.562343502868,705.1411573958264,599.3991494891395,544.7703786690188,378.39041393411014,95.29031519991253,178.6521518652223,13.508330090655733,999.0,1.6388631246036212
-127.34961465433334,49.281184675673586,4.792834622899756,0.75,0.6,0.0,0.04957740790805289,2923.562343502868,705.1411573958264,598.5144926890639,543.864928271613,377.72031588303156,95.2959870965347,179.473926673703,13.44647817946796,999.0,1.6394869325235246
-126.3345089460386,49.281184675673586,4.792834622899756,0.75,0.6,0.0,0.04957740790805289,2923.562343502868,705.1411573958264,597.6258268849472,542.9553746397079,377.05293969124045,95.30163301605758,180.30401894170407,13.38457263995677,999.0,1.6401135673571774
-125.31940323774387,49.281184675673586,4.792834622899756,0.75,0.6,0.0,0.04957740790805289,2923.562343502868,705.1411573958264,596.733082379968,542.0416464382787,376.38832430116645,95.30725293677028,181.1425450419587,13.322614177924795,999.0,1.6407430782506773
-124.30429752944913,49.281184675673586,4.792834622899756,0.75,0.6,0.0,0.04957740790805289,2923.562343502868,705.1411573958264,595.836188831679,541.1236716714997,375.7265089771128,95.31284683726118,181.98962315526325,13.260603527611547,999.0,1.6413755148053786
-123.2891918211544,49.281184675673586,4.792834622899756,0.75,0.6,0.0,0.04957740790805289,2923.562343502868,705.1411573958264,594.9350752854916,540.2013777170156,375.06753329926937,95.31841469642963,182.8453732941894,13.198541452391629,999.0,1.6420109270542822
-122.27408611285966,49.281184675673586,4.792834622899756,0.75,0.6,0.0,0.04957740790805289,2923.562343502868,705.1411573958264,594.0296702113246,539.2746913634516,374.4114371572116,95.32395649349834,183.70991732673346,13.136428745483942,999.0,1.6426493654361924
-121.25898040456494,49.281184675673586,4.792834622899756,0.75,0.6,0.0,0.04957740790805289,2923.562343502868,705.1411573958264,593.1199015435851,538.3435388513343,373.7582607428635,95.32947220802578,184.58337899988143,13.074266230671451,999.0,1.6432908807675246
-120.24387469627021,49.281184675673586,4.792834622899756,0.75,0.6,0.0,0.04957740790805289,2923.562343502868,705.1411573958264,592.2056967246573,537.4078459176026,373.10804454290314,95.33496181991895,185.4658839630566,13.012054763031724,999.0,1.6439355242116405
-119.22876898797547,49.281184675673586,4.792834622899756,0.75,0.6,0.0,0.04957740790805289,2923.562343502868,705.1411573958264,591.2869827520847,536.4675378438989,372.46082933058926,95.34042530944654,186.35755979142584,12.949795229677683,999.0,1.6445833472455755
-118.21366327968074,49.281184675673586,4.792834622899756,0.75,0.6,0.0,0.04957740790805289,2923.562343502868,705.1411573958264,590.3636862296337,535.5225395088324,371.816656156988,95.34586265725243,187.2585360090277,12.887488550508776,999.0,1.6452344016240363
-117.198557571386,49.281184675673586,4.792834622899756,0.75,0.6,0.0,0.04957740790805289,2923.562343502868,705.1411573958264,589.4357334224294,534.5727754444122,371.1755663415765,95.35127384436916,188.16894411169832,12.825135678971732,999.0,1.6458887393405175
-116.18345186309128,49.281184675673586,4.792834622899756,0.75,0.6,0.0,0.04957740790805289,2923.562343502868,705.1411573958264,588.5030503163703,533.6181698968567,370.53760146220156,95.3566588522323,189.08891758975057,12.762737602831308,999.0,1.6465464125854072
-115.16834615479655,49.281184675673586,4.792834622899756,0.75,0.6,0.0,0.04957740790805289,2923.562343502868,705.1411573958264,587.5655626820218,532.6586468919905,369.90280334436954,95.36201766269457,190.01859195037815,12.700295344950204,999.0,1.6472074737009361
-114.15324044650181,49.281184675673586,4.792834622899756,0.75,0.6,0.0,0.04957740790805289,2923.562343502868,705.1411573958264,586.6231961432052,531.6941303054449,369.27121404984524,95.36735025804062,190.95810473974305,12.637809964078025,999.0,1.6478719751328081
-113.13813473820707,49.281184675673586,4.792834622899756,0.75,0.6,0.0,0.04957740790805289,2923.562343502868,705.1411573958264,585.6758762504953,530.7245439378827,368.64287586453713,95.3726566210021,191.90759556470547,12.575282555648977,999.0,1.6485399693783778
-112.12302902991235,49.281184675673586,4.792834622899756,0.75,0.6,0.0,0.04957740790805289,2923.562343502868,705.1411573958264,584.7235285598488,529.7498115954753,368.0178312856424,95.37793673477294,192.8672061141553,12.5127142525878,999.0,1.6492115089312038
-111.10792332161762,49.281184675673586,4.792834622899756,0.75,0.6,0.0,0.04957740790805289,2923.562343502868,705.1411573958264,583.7660787165939,528.7698571758665,367.3961230080333,95.38319058302511,193.8370801799,12.450106226123536,999.0,1.649886646221825
-110.09281761332288,49.281184675673586,4.792834622899756,0.75,0.6,0.0,0.04957740790805289,2923.562343502868,705.1411573958264,582.8034525450056,527.7846047598523,366.7777939098548,95.38841814992462,194.81736367706026,12.387459686610804,999.0,1.6505654335545978
-109.07771190502815,49.281184675673586,4.792834622899756,0.75,0.6,0.0,0.04957740790805289,2923.562343502868,705.1411573958264,581.8355761437074,526.7939787090265,366.16288703731595,95.39361942014787,195.8082046639266,12.324775884357905,999.0,1.6512479230404256
-108.06260619673341,49.281184675673586,4.792834622899756,0.75,0.6,0.0,0.04957740790805289,2923.562343502868,705.1411573958264,580.8623759871357,525.7979037696288,365.5514455886477,95.39879437889847,196.809753361224,12.262056110461309,999.0,1.6519341665252083
-107.04750048843869,49.281184675673586,4.792834622899756,0.75,0.6,0.0,0.04957740790805289,2923.562343502868,705.1411573958264,579.8837790333047,524.7963051828427,364.94351289720254,95.40394301192421,197.82216217072855,12.199301697646044,999.0,1.6526242155138569
-106.03239478014396,49.281184675673586,4.792834622899756,0.75,0.6,0.0,0.04957740790805289,2923.562343502868,705.1411573958264,578.8997128381237,523.789108801801,364.3391324136772,95.40906530553453,198.84558569318094,12.136514021111305,999.0,1.6533181210896808
-105.01728907184922,49.281184675673586,4.792834622899756,0.75,0.6,0.0,0.04957740790805289,2923.562343502868,705.1411573958264,577.9101056765021,522.7762412155356,363.7383476874302,95.4141612466183,199.88018074543783,12.073694499380535,999.0,1.654015933828994
-104.00218336355448,49.281184675673586,4.792834622899756,0.75,0.6,0.0,0.04957740790805289,2923.562343502868,705.1411573958264,576.9148866704973,521.7576298801389,363.14120234687425,95.41923082266197,200.92610637679425,12.010844595155607,999.0,1.6547177037107506
-102.98707765525975,49.281184675673586,4.792834622899756,0.75,0.6,0.0,0.04957740790805289,2923.562343502868,705.1411573958264,575.913985924745,520.7332032573768,362.54774007891984,95.424274021768,201.98352388441552,11.947965816174092,999.0,1.6554234800210488
-101.97197194696503,49.281184675673586,4.792834622899756,0.75,0.6,0.0,0.04957740790805289,2923.562343502868,705.1411573958264,574.9073346694236,519.7028909610129,361.95800460744846,95.42929083267377,203.05259682781056,11.885059716068845,999.0,1.65613331125232
-100.95686623867029,49.281184675673586,4.792834622899756,0.75,0.6,0.0,0.04957740790805289,2923.562343502868,705.1411573958264,573.894865410989,518.6666239110878,361.37203967079273,95.43428124477079,204.1334910422687,11.82212789522947,999.0,1.6568472449970402
-99.94176053037556,49.281184675673586,4.792834622899756,0.75,0.6,0.0,0.04957740790805289,2923.562343502868,705.1411573958264,572.8765120909306,517.6243344964045,360.78988899820473,95.43924524812421,205.2263746511938,11.759172001664268,999.0,1.657565327835784
-98.92665482208082,49.281184675673586,4.792834622899756,0.75,0.6,0.0,0.04957740790805289,2923.562343502868,705.1411573958264,571.8522102527743,516.5759567454588,360.21159628529006,95.44418283349279,206.33141807724977,11.696193731862259,999.0,1.658287605219464
-97.9115491137861,49.281184675673586,4.792834622899756,0.75,0.6,0.0,0.04957740790805289,2923.562343502868,705.1411573958264,570.8218972175728,515.5214265060532,359.6372051683891,95.4490939923492,207.4487940522418,11.633194831653931,999.0,1.6590141213455862
-96.89644340549137,49.281184675673586,4.792834622899756,0.75,0.6,0.0,0.04957740790805289,2923.562343502868,705.1411573958264,569.7855122681045,514.4606816338257,359.06675919788734,95.45397871690066,208.57867762564427,11.570177097070017,999.0,1.659744919028362
-95.88133769719663,49.281184675673586,4.792834622899756,0.75,0.6,0.0,0.04957740790805289,2923.562343502868,705.1411573958264,568.7429968419967,513.3936621899123,358.50030181043866,95.45883700010992,209.72124617168797,11.507142375197132,999.0,1.6604800395625303
-94.86623198890189,49.281184675673586,4.792834622899756,0.75,0.6,0.0,0.04957740790805289,2923.562343502868,705.1411573958264,567.6942947339812,512.3203106479566,357.9378763000808,95.46366883571667,210.8766793949165,11.444092565029056,999.0,1.66121952258074
-93.85112628060716,49.281184675673586,4.792834622899756,0.75,0.6,0.0,0.04957740790805289,2923.562343502868,705.1411573958264,566.6393523074786,511.2405721106669,357.37952578823433,95.46847421825923,212.04515933411292,11.381029618312724,999.0,1.6619634059043502
-92.83602057231244,49.281184675673586,4.792834622899756,0.75,0.6,0.0,0.04957740790805289,2923.562343502868,705.1411573958264,565.5781187156904,510.154394536106,356.82529319256724,95.47325314309664,213.22687036449938,11.317955540387532,999.0,1.6627117253875308
-91.82091486401771,49.281184675673586,4.792834622899756,0.75,0.6,0.0,0.04957740790805289,2923.562343502868,705.1411573958264,564.5105461323701,509.0617289738855,356.2752211947151,95.47800560643107,214.4219991981049,11.25487239101681,999.0,1.6634645147545375
-90.80580915572297,49.281184675673586,4.792834622899756,0.75,0.6,0.0,0.04957740790805289,2923.562343502868,705.1411573958264,563.4365899924179,507.96252981141606,355.7293522068446,95.48273160533063,215.63073488219615,11.191782285210014,999.0,1.664221805430056
-89.79070344742823,49.281184675673586,4.792834622899756,0.75,0.6,0.0,0.04957740790805289,2923.562343502868,705.1411573958264,562.3562092424341,506.8567550303499,355.18772833705617,95.48743113775245,216.85326879565665,11.128687394034412,999.0,1.6649836263625275
-88.7755977391335,49.281184675673586,4.792834622899756,0.75,0.6,0.0,0.04957740790805289,2923.562343502868,705.1411573958264,561.2693666013371,505.7443664733245,354.6503913536138,95.49210420256618,218.0897946432041,11.065589945414626,999.0,1.6657500038403779
-87.76049203083878,49.281184675673586,4.792834622899756,0.75,0.6,0.0,0.04957740790805289,2923.562343502868,705.1411573958264,560.1760288311306,504.6253301210944,354.11738264800175,95.49675079957774,219.34050844732278,11.002492224918685,999.0,1.6665209613010856
-86.74538632254404,49.281184675673586,4.792834622899756,0.75,0.6,0.0,0.04957740790805289,2923.562343502868,705.1411573958264,559.0761670178811,503.4996163801125,353.5887431968053,95.50137092955346,220.6056085377906,10.939396576528893,999.0,1.6672965191330558
-85.73028061424931,49.281184675673586,4.792834622899756,0.75,0.6,0.0,0.04957740790805289,2923.562343502868,705.1411573958264,557.9697568629331,502.3672003805907,353.0645135224146,95.5059645942445,221.88529553867355,10.876305403395937,999.0,1.6680766944702705
-84.71517490595457,49.281184675673586,4.792834622899756,0.75,0.6,0.0,0.04957740790805289,2923.562343502868,705.1411573958264,556.8567789843592,501.22806228503504,352.54473365255456,95.5105317964117,223.17977235265525,10.813221168574545,999.0,1.668861500979724
-83.70006919765984,49.281184675673586,4.792834622899756,0.75,0.6,0.0,0.04957740790805289,2923.562343502868,705.1411573958264,555.7372192286114,500.0821876072225,352.02944307864954,95.51507253985054,224.48924414257155,10.750146395738742,999.0,1.6696509486416657
-82.68496348936512,49.281184675673586,4.792834622899756,0.75,0.6,0.0,0.04957740790805289,2923.562343502868,705.1411573958264,554.6110689922982,498.92956754154153,351.51868071302727,95.5195868294165,225.81391831000656,10.687083669875095,999.0,1.6704450435227012
-81.66985778107038,49.281184675673586,4.792834622899756,0.75,0.6,0.0,0.04957740790805289,2923.562343502868,705.1411573958264,553.4783255539731,497.7701993025787,351.0124848449755,95.52407467105081,227.1540044708115,10.62403563795187,999.0,1.6712437875418342
-80.65475207277564,49.281184675673586,4.792834622899756,0.75,0.6,0.0,0.04957740790805289,2923.562343502868,705.1411573958264,552.3389924157806,496.6040864747953,350.510893095668,95.52853607180639,228.50971442740155,10.561005009562043,999.0,1.672047178229559
-79.63964636448091,49.281184675673586,4.792834622899756,0.75,0.6,0.0,0.04957740790805289,2923.562343502868,705.1411573958264,551.1930796547529,495.4312393720814,350.01394237197525,95.5329710398739,229.88126213768055,10.497994557538188,999.0,1.6728552084801447
-78.34961534067506,49.26429724451028,4.791005194290079,0.75,0.6,0.0,0.04961148984592434,2923.5622494525505,705.5762318673073,549.7866232953434,493.957301241928,349.38895714979606,95.53737958460839,231.64802121705392,10.421905325738447,999.0,1.6748796616024604
-77.06046843969442,49.213646524822146,4.7855181622600345,0.75,0.6,0.0,0.049713924076319485,2923.561966392935,706.8836641260415,548.4886599473828,492.5253092331099,348.77157100688606,95.54294406915305,233.44130743755724,10.353702557144391,999.0,1.678900521428185
-75.77308917843064,49.1292672300824,4.776377287347294,0.75,0.6,0.0,0.04988527808646198,2923.5614915810875,709.0701050198379,547.2992708981369,491.1347208189925,348.1619729408668,95.5484758724269,235.2612523337992,10.29326920057613,999.0,1.684936502374333
-74.48835986232332,49.011217189644796,4.763588834250924,0.75,0.6,0.0,0.05012647069176538,2923.5608204846917,712.1467208890954,546.2188962376042,489.7850210447797,347.56034360798685,95.55398029187472,237.10797254652815,10.240518216962423,999.0,1.6930162557847352
-73.20716098067209,48.85957730911035,4.74716156753788,0.75,0.6,0.0,0.05043886004836428,2923.5599464828183,716.1293173129347,545.248344413745,488.47572228217314,346.9668551876053,95.55946258514896,238.98156842775572,10.195392270443556,999.0,1.7031786639471576
-71.93037060319308,48.67445151487858,4.727106745636207,0.75,0.6,0.0,0.05082425753795558,2923.558860743849,721.0385159335208,544.388805101283,487.20636356548334,346.38167124852595,95.56492799630153,240.8821225743145,10.157863703074744,999.0,1.7154732460739879
-70.65886377823396,48.455966682921606,4.703438113119075,0.75,0.6,0.0,0.05128486578829441,2923.557552290215,726.8999878331358,543.6418656049076,485.9765094817263,345.80494661925155,95.57038178223172,242.80969828640866,10.12793479734829,999.0,1.729960683695439
-69.39351193305936,48.20427255182971,4.67617189128494,0.75,0.6,0.0,0.05182334363457716,2923.5560076782967,733.7447476228248,543.0095309140581,484.7857484541321,345.2368272647549,95.57582923971641,244.7643379458298,10.105638336147187,999.0,1.7467134737977812
-68.13518227661822,47.91954162018792,4.645326767040262,0.75,0.6,0.0,0.052442841404671106,2923.5542107237266,741.6095145263689,542.4942478806599,483.63369044391925,344.67745017203634,95.58127573336702,246.74606130924965,10.091038475388896,999.0,1.7658167231022206
-66.8847372052021,47.601969028354176,4.610923880092456,0.75,0.6,0.0,0.053145928458369726,2923.5521454597083,750.5371506313485,542.098934849686,482.5199646145819,344.1269432442727,95.58672672488287,248.75486372082662,10.084231950486245,999.0,1.7873691070531228
-65.64303371140181,47.2517724247198,4.572986808461772,0.75,0.6,0.0,0.05394218269317804,2923.549773343947,760.5771605010199,541.8270090263662,481.4442111201894,343.58542522642756,95.59218780400683,250.7907141635353,10.085349648166403,999.0,1.811483937185305
-64.41092279676754,46.86919181654422,4.531541552322106,0.75,0.6,0.0,0.05482814106573824,2923.5470925717786,771.7863564145946,541.6824428712655,480.4060882224294,343.0530055996974,95.59766472163578,252.8535533815605,10.094558570488182,999.0,1.8382906394650835
-63.189248888574866,46.454489405465964,4.4866165161817815,0.75,0.6,0.0,0.0558141597226074,2923.544057737906,784.2295113268038,541.6697871414655,479.4052506324077,342.5297845583321,95.60316342559305,254.94329166126866,10.11206425329754,999.0,1.8679360952717339
-61.9788492610965,46.00794940780271,4.438242489416509,0.75,0.6,0.0,0.05690641815195014,2923.540632832027,797.9802518498911,541.7942392695646,478.4413530369798,342.01585296532306,95.60869009965174,257.0598066487061,10.138113680220325,999.0,1.9005865869775438
-60.78055346177628,45.5298778597637,4.386452625167901,0.75,0.6,0.0,0.05811452431799784,2923.5367674503045,813.1220293510405,542.0616981914807,477.51403681932584,341.5112923506386,95.61425120648234,259.202940971461,10.172998771075788,999.0,1.9364298411646448
-59.59518274269887,45.020602407707756,4.331282417621949,0.75,0.6,0.0,0.059438716341191355,2923.532437478424,829.7493191463207,542.478847358395,476.62292751662847,341.0161749068252,95.61985353531746,261.37249985047293,10.217060522544248,999.0,1.9756775952529968
-58.42354949774453,44.48047208359084,4.272769677683096,0.75,0.6,0.0,0.06089730287112086,2923.5275552833255,847.9688966017221,543.053211392488,475.76760463322734,340.530563580215,95.62550425526469,263.56824828648894,10.270693921696063,999.0,2.018568202777822
-57.26645670581497,43.90985706575698,4.210954507060514,0.75,0.6,0.0,0.06249780560018158,2923.5220620518394,867.9015174453118,543.7932783319051,474.9476042486111,340.0545121284135,95.63121097538472,265.7899083708085,10.334353738485397,999.0,2.0653702224988173
-56.12469738051169,43.30914842523656,4.145879270784414,0.75,0.6,0.0,0.06425048186131688,2923.5158832841084,889.683749230188,544.7085977212357,474.1623915707136,339.58806524727623,95.63698181286122,268.0371562806573,10.40856137116486,999.0,2.116386184515663
-54.99905402664412,42.678757857725714,4.07758856817116,0.75,0.6,0.0,0.06617105622992274,2923.508916680741,913.4701626584414,545.8099060026366,473.4113359347385,339.131258747466,95.64282547087451,270.3096190415791,10.49391293397679,999.0,2.1719571020369433
-50.56611757042285,40.119400801425854,3.80033141899927,0.75,0.6,0.0,0.07493417572887932,2923.474530204984,1020.9875993913894,550.8300625066076,470.08204319712013,337.3325903314539,95.64875132813681,280.03983319576434,10.868286480595385,999.0,2.4224405792846264
-46.13318111420158,37.560043745126,3.5230742698273803,0.75,0.6,0.0,0.085570472517586,2923.4270671859463,1149.5500645751688,556.7922670494249,466.10676080533227,335.5905947735449,95.67507667882708,290.89363542831563,11.28616362205647,999.0,2.7205651873227796
-41.70024465798031,35.00068668882615,3.2458171206554898,0.75,0.6,0.0,0.09867504654047297,2923.3599636783765,1305.159693820064,564.0690598146195,461.42734669064345,333.91430614966805,95.70507876472233,303.06722121919705,11.758159480226452,999.0,3.0792513937192836
-37.26730820175904,32.44132963252629,2.9685599714835993,0.75,0.6,0.0,0.11507594928907992,2923.2625806858136,1496.1510689877612,573.2154162360738,456.014563660636,332.31210460206864,95.7396906823617,316.79966928349353,12.299056978065805,999.0,3.516025577263135
-32.83437174553777,29.88197257622644,2.691302822311709,0.75,0.6,0.0,0.13601978395197192,2923.1166052193203,1734.3776016696352,585.057893572429,449.8886715434645,330.7906390514706,95.78021474476016,332.3828965173757,12.9300774159708,999.0,4.055076660868933
-28.401435289316506,27.322615519926586,2.4140456731398183,0.75,0.6,0.0,0.16341903022473062,2922.8891293558436,2037.168212734991,600.82268140971,443.14134955589947,329.3532579443479,95.82853282628491,350.1733138898842,13.682763842789488,999.0,4.730439955614314
-23.96849883309524,24.76325846362673,2.136788523967928,0.75,0.6,0.0,0.20039955046733085,2922.5167808162028,2430.6765546879715,622.3129839954292,435.9446026642123,327.9979245249812,95.8874817116131,370.6046891149589,14.605953294116725,999.0,5.591051439936508
-19.53556237687397,22.203901407326875,1.8595313747960374,0.75,0.6,0.0,0.25245238455067925,2921.8664535704693,2955.855958448944,652.1449111827462,428.5125796798569,326.7148335760817,95.96156775972959,394.20035350550745,15.779085895781844,999.0,6.70896994508668
-15.102625920652699,19.64454435102702,1.5822742256241469,0.75,0.6,0.0,0.33051977127613763,2920.6181596608085,3679.540909599269,694.048765066043,420.9569925502724,325.4844854919339,96.05844199085426,421.5778261801123,17.339750582785086,999.0,8.192753175473117
-10.669689464431425,17.08518729472716,1.305017076452256,0.75,0.6,0.0,0.46202109114725787,2917.7952770926495,4715.0183342860255,753.1758676515528,412.96852757601414,324.2781425349093,96.19227700562581,453.4159938066393,19.547414857492548,999.0,10.206220202266161
-10.156421770222533,16.798207913121033,1.2739283758665472,0.75,0.6,0.0,0.4830198244808623,2917.2633226611424,4857.961748837311,761.1396366571062,411.99409024478234,324.14116167853814,96.39264728863749,457.2669722456897,19.85580571654979,999.0,10.474366392369715
-9.635441432018071,16.52548024934283,1.2443835750059846,0.75,0.6,0.0,0.5048475139692787,2916.6872998793556,4999.830804867608,768.9724757824476,411.0321178627631,324.00181714291546,96.41708584488454,461.2385292404998,20.152202167485193,999.0,10.738210737590538
-9.107144074967152,16.267211408948633,1.216405109777241,0.75,0.6,0.0,0.52751075460219,2916.06462301046,5139.840159203147,776.6344240159083,410.09011552910243,323.86016569630016,96.44317370748024,465.32821613399034,20.43453392044469,999.0,10.996329254604175
-8.57193088066019,16.023597517667184,1.1900142266337161,0.75,0.6,0.0,0.5510209039588561,2915.3925103673587,5277.148924387385,784.0835160347185,409.1756838020634,323.71625277023537,96.47094453978116,469.5330305646933,20.700653568423927,999.0,11.247234966979653
-8.030208282477252,15.794823572464772,1.16523096644128,0.75,0.6,0.0,0.5753748156125348,2914.6685486538477,5410.870603162379,791.2765053355154,408.2965191295134,323.5701110601093,96.50041909800667,473.84939145460186,20.948359350272824,999.0,11.48939958618006
-7.482387656948248,15.581063301061128,1.1420741492595194,0.75,0.6,0.0,0.6005788666112806,2913.8900295985773,5540.077344610064,798.1688924754931,407.46026783255166,323.4217597379304,96.53160302788584,478.273115932524,21.17542273386833,999.0,11.72125873928824
-6.928885011359375,15.382479030003049,1.1205613600500526,0.75,0.6,0.0,0.6266255272730656,2913.0546704046847,5663.814742264876,804.7158805796075,406.6745365962689,323.27120372225676,96.56448471077437,482.79940510518,21.37962045348104,999.0,11.94124031950016
-6.370120667843037,15.199221561395884,1.1007089353227517,0.75,0.6,0.0,0.6535122273859293,2912.160069473564,5781.110366301521,810.8725816737874,405.94675239715514,323.1184334033408,96.59903325497343,487.4228328117339,21.558770964050968,999.0,12.147774878298968
-5.806518944191115,15.031430058386544,1.0825319507300297,0.75,0.6,0.0,0.6812309583749719,2911.204054687563,5890.989736348815,816.5948344587919,405.2841205244824,322.963424698986,96.63519674135979,492.1373435787893,21.71077447378685,999.0,12.339321418029284
-5.238507831634002,14.879231939484963,1.0660442096186022,0.75,0.6,0.0,0.7097660611947347,2910.1848106139755,5992.49244004599,821.8399178471791,404.69355177672304,322.80613955711146,96.6729008403638,496.9362596484141,21.833655708924237,999.0,12.514390982113682
-4.666518669830071,14.742742781804262,1.0512582325474178,0.75,0.6,0.0,0.739109980614558,2909.100348074401,6084.684559784458,826.5668296275594,404.1815114633227,322.6465271275439,96.71204791899966,501.8122937792063,21.925608414544723,999.0,12.6715595449271
-4.090985819312406,14.622066233293127,1.038185247779723,0.75,0.6,0.0,0.7692389419112975,2907.9494122134406,6166.682197080593,830.737540864932,403.7540253112883,322.48452531450647,96.75251675018411,506.7575777711382,21.985039743128354,999.0,12.809505466609313
-3.512346331641508,14.517293934027004,1.026835182756476,0.75,0.6,0.0,0.800130009026446,2906.7309135845867,6237.664592765967,834.3172313781604,403.41651647606807,322.32006309299,96.79416291939064,511.7636978804938,22.01061329048677,999.0,12.927021447062769
-2.9310396175144855,14.428505446617912,1.0172166565575878,0.75,0.6,0.0,0.8317626104389213,2905.443872622921,6296.89044458419,837.2748281547354,403.17369835818425,322.1530634817577,96.83681999777129,516.8217404615549,22.001288850723913,999.0,13.023033893896532
-2.3475071130827443,14.35576819579572,1.009336973356715,0.75,0.6,0.0,0.8641103793355468,2904.0877633623422,6343.7164627841985,839.5837763191514,403.0295119828345,321.98344704809466,96.88030151449306,521.9223504174983,21.956356949646803,999.0,13.096627930089507
-1.7621919447315748,14.299137417206756,1.0032021168745715,0.75,0.6,0.0,0.897140996671057,2902.6625654790464,6377.612336986689,841.222544460272,402.9870341266909,321.8111359527042,96.92440371693546,527.055800017009,21.87546650172218,999.0,13.147065310007434
-1.1755385925762016,14.25865611546862,0.9988167458349758,0.75,0.6,0.0,0.9308229056235878,2901.168505581875,6398.17115577623,842.1748229765817,403.04835664422626,321.6360584763522,96.96890905903766,532.2120645749727,21.758644163271214,999.0,13.173793989970664
-0.5879925529298291,14.234355031513092,0.9961841904270806,0.75,0.6,0.0,0.9651217250814688,2899.606222255168,6405.120619275593,842.4299332545816,403.2145243824981,321.4581540503677,97.01359030923791,537.3809081347913,21.60630398577246,999.0,13.176462266162504
-0.0,14.226252619241903,0.9953064497764761,0.75,0.6,0.0,0.9896079859509656,2898.466489724494,6402.352622053121,842.3434571053047,403.5426341335286,321.2772402014779,97.0582151241195,542.5554753959798,21.419108510958782,999.0,13.16402468915328
0.0,14.226252619241903,0.9953064497764761,0.75,0.6,0.0,0.9896079859509656,2898.466489724494,6402.352622053121,842.3434571053047,403.5426341335286,321.2772402014779,97.10255061281322,542.5554753959798,21.419108510958782,999.0,13.16402468915328
0.12469009818093908,14.227683281856962,0.9954614345751394,0.75,0.6,0.0,0.98527800101661,2898.669482492317,6402.858965733942,842.5239174673509,403.6835819382113,321.2384439290245,97.10255061281322,543.6540363251355,21.37249891647182,999.0,13.165210065874188
0.24931454476229695,14.231974516432306,0.9959263073688199,0.75,0.6,0.0,0.9706522002212908,2899.350553321814,6404.959597280411,842.9368634136301,403.8953101084219,321.19947401016344,97.11192969567595,544.7530923219907,21.31942324150971,999.0,13.171246599156248
0.37380772271125107,14.239124063555055,0.9967008233935553,0.75,0.6,0.0,0.9561329868873115,2900.0195561129244,6404.6310221606245,843.2218856441367,404.12088009106657,321.16035123567474,97.12127365346764,545.8518918916266,21.25997371090558,999.0,13.173030166592103
0.49810408411029594,14.249128158858896,0.9977845748526024,0.75,0.6,0.0,0.9417190355688185,2900.676594345786,6401.881993257771,843.3793762964997,404.3602424628653,321.1210969016319,97.13057025711069,546.9496837371104,21.194257124860812,999.0,13.17057401500903
0.6221381846694118,14.2619815350061,0.9991769911311499,0.75,0.6,0.0,0.9274214766001107,2901.32121462472,6396.722040545168,843.4095425110306,404.6132441608706,321.0817328424186,97.1398074967389,548.0457170242671,21.122394390591055,999.0,13.1638889505048
0.7458447181836705,14.277677424460858,1.0008773390967574,0.75,0.6,0.0,0.9132385473362978,2901.9535616507505,6389.17079462747,843.3132485962824,404.8797631026037,321.0422813920016,97.14897363376677,549.1392433775272,21.04451990988556,999.0,13.15300456481036
0.8691585509181372,14.296207563052523,1.0028847234853635,0.75,0.6,0.0,0.8991756124912094,2902.5734684494605,6379.25049308531,843.091347006826,405.15960238304905,321.0027653965936,97.15805725047863,550.2295174921488,20.960780949120544,999.0,13.137952338713308
0.9920147559019654,14.317562194326836,1.005198087372657,0.75,0.6,0.0,0.8852382794333343,2903.1807725729727,6366.9884367493005,842.7449054226872,405.4525273957077,320.96320820539245,97.16704729673076,551.3157982072762,20.871336925776557,999.0,13.118771340809387
1.1143486471136237,14.341730074682891,1.0078162127305674,0.75,0.6,0.0,1.13626460568065,2891.24692058257,6250.7356571145265,833.0949444403761,404.2628129392848,320.9243877468423,97.17593313337196,552.3786759920756,20.777060996912496,999.0,12.86496394503274
1.2360958135392608,14.368698479293075,1.0107377210685815,0.75,0.6,0.0,1.1517355159658584,2890.448961133432,6223.0306965087475,831.5037484131511,404.40777304021645,320.88565851333294,97.18470486757808,553.4341404988972,20.677495713992954,999.0,12.812879261188039
1.3571921530862732,14.398453208802936,1.0139610741595373,0.75,0.6,0.0,1.1672547714722652,2889.642074711539,6193.230765364269,829.7994188173129,404.563388540854,320.84704453358114,97.19335281862689,554.4815096958141,20.572828654288603,999.0,12.757080908293768
1.4775739063342208,14.430978596807396,1.0174845748495365,0.75,0.6,0.0,1.1828173925863144,2888.8266050058837,6161.394174006488,827.9845750923289,404.72923920375945,320.8085700872186,97.20186782119823,555.5201139044113,20.463256021702016,999.0,12.697660076657083
1.5971776901053174,14.466257518099395,1.0213063679515195,0.75,0.6,0.0,1.198416253314676,2888.0030196041366,6127.58385634809,826.0620906483432,404.90489234791306,320.7702596693235,97.21024125273443,556.5492968188079,20.34898173303266,999.0,12.634715949012904
1.7159405308368254,14.50427139768663,1.025424441222061,0.75,0.6,0.0,1.2140520617653157,2887.1713809319517,6091.862726719113,824.034689342929,405.0898389556706,320.73213798438366,97.21846505641997,557.5684156939157,20.230216513802,999.0,12.568345511617753
1.83379989773778,14.545000220571616,1.0298366264208485,0.75,0.6,0.0,1.2297155014943764,2886.3322908692912,6054.30119694648,821.9056376013295,405.28361233838166,320.6942298803026,97.22653175973657,558.576842893212,20.107176930956268,999.0,12.498660757888436
1.950693735712583,14.588422542289953,1.0345406004523017,0.75,0.6,0.0,1.245402130553565,2885.4861028266746,6014.970373231687,819.6781475394862,405.4856926115272,320.65656032785245,97.23443448857289,559.5739662156278,19.98008446493519,999.0,12.425773647838767
2.0665604980341397,14.634515500201225,1.0395338865887247,0.75,0.6,0.0,1.2611072070900284,2884.633194053388,5973.944007619651,817.355568202737,405.6955420348478,320.6191543473652,97.24216697695904,560.55918935434,19.84916457817724,999.0,12.349800785036676
2.1813391787493255,14.683254825526591,1.044813855774349,0.75,0.6,0.0,1.2768258571441131,2883.7739565262477,5931.298118753608,814.9413679749458,405.9126066252627,320.58203710516466,97.24972357252537,561.5319334272452,19.714645754389757,999.0,12.270862840490494
2.2949693447997275,14.734614856126742,1.0503777280095756,0.75,0.6,0.0,1.2925510775703597,2882.908906907862,5887.111579933674,812.439203630561,406.13633142837307,320.54523365755625,97.25709923781785,562.4916363305441,19.57675863060177,999.0,12.189086166065637
2.2949693447997275,14.734614856126742,1.0503777280095756,0.75,0.6,0.0,1.2925510775703597,2882.908906907862,5887.111579933674,812.439203630561,406.13633142837307,320.54523365755625,97.26428954768717,562.4916363305441,19.57675863060177,999.0,12.189086166065637
3.0620745993992218,15.091015593796115,1.0889868983266822,0.75,0.6,0.0,1.385627997305275,2877.6847871392647,5598.14050980126,796.122002558423,407.6926376231989,320.29696806593995,97.26428954768717,568.8248249754887,18.672443906637202,999.0,11.652880948056724
3.8290609297039566,15.445400176220454,1.1273776569711578,0.75,0.6,0.0,1.46114484930368,2873.3298110529895,5335.6522054358775,781.327854984526,409.2546932954304,320.04600575119235,97.30803767705797,575.0195306393995,17.842279601104636,999.0,11.162194850672867
4.595928335713933,15.79776860339977,1.1655500039430036,0.75,0.6,0.0,1.5262697150737798,2869.5030212771203,5094.7327667552345,767.7216707717919,410.78786027263976,319.7922405671553,97.34763906419037,581.0810244296488,17.077911411248525,999.0,10.708014314974562
5.362676817429149,16.14812087533405,1.2035039392422187,0.75,0.6,0.0,1.5842460160879657,2866.048997959086,4872.336944029219,755.1161994240365,412.27700406852614,319.535605908426,97.38363731343078,587.0133175798333,16.372194288102577,999.0,10.28517586066531
6.129306374849607,16.496456992023305,1.241239462868803,0.75,0.6,0.0,1.6368844477056128,2862.8800767190596,4666.225739205957,743.3821855643592,413.71366510106554,319.2760591440517,97.41648776270456,592.8198060882409,15.718969830316261,999.0,9.89005561389881
6.895817007975304,16.842776953467528,1.2787565748227574,0.75,0.6,0.0,1.6853175733671497,2859.9408281028786,4474.6214700148685,732.420688533309,415.09244538640814,319.0135761559897,97.44657434965144,598.5035725574522,15.112897375850995,999.0,9.519847294407025
7.662208716806243,17.187080759666717,1.3160552751040806,0.75,0.6,0.0,1.7303183529176152,2857.1928833116317,4296.048453554834,722.1509930703893,416.40954604219996,318.74814940641664,97.4742227980723,604.0675382409927,14.549321202848311,999.0,9.172243410845681
8.428481501342423,17.529368410620886,1.3531355637127749,0.75,0.6,0.0,1.7724335904935005,2854.6088087287467,4129.255662272382,712.505406783733,417.66232006192024,318.4797865960698,97.49971102438876,609.5145522266794,14.024163704976717,999.0,8.84529260165438
9.194635361583844,17.86963990633002,1.3899974406488373,0.75,0.6,0.0,1.8120866329557719,2852.166903610959,3973.1560161701736,703.4249743461942,418.84874356434733,318.2085102178418,97.5232774193929,614.847427981308,13.533838784099595,999.0,8.537286923455406
9.960670297530505,18.207895246794124,1.4266409059122704,0.75,0.6,0.0,1.8495936496954388,2849.850829297627,3826.8044728853247,694.8586925458519,419.9675742807053,317.93435619325066,97.54512749086445,620.0689742987016,13.075180296561326,999.0,8.246733547954397
10.726586309182403,18.544134432013195,1.463065959503072,0.75,0.6,0.0,1.8852094573550773,2847.647182192823,3689.36642872593,686.7613930387057,421.01807681150103,317.6573728845648,97.56543922931485,625.1820022750827,12.645382983870205,999.0,7.972299486816139
11.492383396539546,18.87835746198724,1.4992726014212439,0.75,0.6,0.0,1.9191404653015567,2845.5449446148173,3560.101654329247,679.0929853291589,422.00001185323515,317.37761983524905,97.58436747178375,630.1893269674055,12.241953117870315,999.0,7.712789204277712
12.258061559601932,19.210564336716264,1.535260831666786,0.75,0.6,0.0,1.9515570302888625,2843.534889716987,3438.3500850270907,671.8177114377777,422.9135799514073,317.0951664334543,97.60204747303182,635.0937639563799,11.8626670599503,999.0,7.467123944591113
13.023620798369558,19.540755056200243,1.571030650239696,0.75,0.6,0.0,1.982601148111782,2841.6092216907246,3323.5208119647223,664.9035956137079,423.7593806207857,316.8100905146614,97.61859784536928,639.8981234972706,11.505536259516703,999.0,7.234326449787666
13.789061112842424,19.8689296204392,1.606582057139977,0.75,0.6,0.0,2.0123956097128683,2839.7610903280124,3215.081784589101,658.3218442040051,424.53832472396914,316.5224770777002,97.63412299219748,644.6052015165326,11.16877757595982,999.0,7.013505584401076
14.554382503020527,20.195088029433123,1.6419150523676267,0.75,0.6,0.0,2.0410430336509564,2837.984710403389,3112.554122830841,652.0466696333037,425.2516542649137,316.23241686372654,97.64871513306849,649.2177731244205,10.850787917483665,999.0,6.8038504610517
15.319584968903873,20.519230283182022,1.677029635922647,0.75,0.6,0.0,2.0686334437946825,2836.2749350630897,3015.504208724749,646.0547805370177,425.90084407011295,315.94000514753475,97.66245599712568,653.7385838562197,10.550122558784363,999.0,6.604618094007141
16.08466851049246,20.841356381685884,1.711925807805035,0.75,0.6,0.0,2.095245444394633,2834.6272152807037,2923.538768971229,640.3251473556999,426.4875751419503,315.6453405741229,97.67541824593434,658.1703421708005,10.265476481124535,999.0,6.415127166412487
16.84963312778629,21.161466324944726,1.746603568014795,0.75,0.6,0.0,2.1209481944288475,2833.037501791801,2836.3002508411673,634.8387499966491,427.01369429280476,315.34852409690205,97.68766667425977,662.5157126647882,9.995668263610268,999.0,6.234751671115331
17.614478820785358,21.479560112958534,1.7810629165519236,0.75,0.6,0.0,2.14580295617756,2831.5021676639276,2753.4628468911806,629.5783573752095,427.48117726470787,315.0496580232041,97.69925922773922,666.777310126618,9.739626127388584,999.0,6.062915403315049
18.379205589489665,21.79563774572731,1.8153038534164212,0.75,0.6,0.0,2.169864326429082,2830.017946293193,2674.7290564349178,624.5283338046487,427.8920954650322,314.7488451515335,97.71024786884516,670.9576943522814,9.496375806466048,999.0,5.899087150188495
19.14381343389922,22.109699223251056,1.849326378608289,0.75,0.6,0.0,2.193182990352702,2828.581772631484,2599.8261725581697,619.6744016020386,428.2485617367382,314.4461881692598,97.72067931658694,675.0593656015523,9.26502997467619,999.0,5.742775195959011
19.908302354014012,22.421744545529773,1.883130492127526,0.75,0.6,0.0,2.2157960751583508,2827.1913850087353,2528.5067609945154,615.0038881242663,428.55285337560247,314.1417885722036,97.73059568067822,679.0847648565549,9.044778946088185,999.0,5.593531042459913
20.672672349834045,22.73177371256346,1.9167161939741324,0.75,0.6,0.0,2.2377528503185826,2825.843750887272,2460.538982775772,610.5046405490448,428.8070325138779,313.8357468180409,97.74003500707477,683.0362635246078,8.83488266844738,999.0,5.450928241055006
21.436923421359314,23.03978672435212,1.9500834841481092,0.75,0.6,0.0,2.2590848245481467,2824.5369112745725,2395.7135513729054,606.1660653975902,429.01336214965477,313.5281613252724,97.74903174898941,686.916168714047,8.63466349102674,999.0,5.314581097438062
22.20105556858983,23.34578358089575,1.9832323626494552,0.75,0.6,0.0,2.279825183674531,2823.268789272453,2333.8363555386595,601.9783026027706,429.17401946937497,313.2191282728825,97.75761717467921,690.7267194954459,8.44349991171766,999.0,5.184128494001867
22.965068791525585,23.64976428219435,2.016162829478171,0.75,0.6,0.0,2.3000042209197957,2822.037474590933,2274.7283491809467,597.932321250627,429.2911531218726,312.9087412957146,97.76581972169348,694.4700863405942,8.260821018996968,999.0,5.059235043862631
23.72896309016658,23.951728828247916,2.0488748846342557,0.75,0.6,0.0,2.319649694786311,2820.841204180519,2218.224139456913,594.0198358743014,429.3668720931239,312.5970912438222,97.7736653054877,698.1483710277072,8.086101569631133,999.0,4.939588913435325
24.492738464512808,24.251677219056457,2.081368528117711,0.75,0.6,0.0,2.338784786526154,2819.67848809992,2164.1713342650514,590.2333169405531,429.40327258259504,312.28426590207937,97.78117758904284,701.7636080442895,7.918857607434366,999.0,4.824901330738742
25.25639491456429,24.549609454619965,2.113643759928535,0.75,0.6,0.0,2.3574408400156006,2818.547337855941,2112.426216753742,586.5654740417496,429.4022405604169,311.9703502712301,97.78837821904642,705.3177605081054,7.758642630970301,999.0,4.714897004439979
26.019932440321007,24.845525534938446,2.145700580066729,0.75,0.6,0.0,2.3756304183152572,2817.4469025519115,2062.859711881695,583.0101775149386,429.3658608873503,311.65542578132295,97.79528703338025,708.8127290652611,7.605044039806411,999.0,4.609329498827648
26.783351041782964,25.139425460011893,2.177538988532292,0.75,0.6,0.0,2.393377269869686,2816.375651546737,2015.3488544283791,579.5613319299983,429.29595937637873,311.33957075661573,97.80192224374095,712.2503471047373,7.45768011020738,999.0,4.507961176608589
27.54665071895016,25.431309229840316,2.209158985325226,0.75,0.6,0.0,2.410701868549573,2815.33225365362,1969.7797690260413,576.2133587729743,429.1943221203129,311.0228603203963,97.8083005968885,715.6323830570818,7.3161972165427995,999.0,4.410571099579843
28.309831471822605,25.72117684442371,2.240560570445529,0.75,0.6,0.0,2.427619143565063,2814.3157126812835,1926.0474652354562,572.9612365438832,429.06273296193035,310.7053662196521,97.8144375172971,718.9605438484251,7.18026733129609,999.0,4.316955107458584
29.07289330040029,26.009028303762072,2.271743743893201,0.75,0.6,0.0,2.4441494672885176,2813.324706923868,1884.0525963710193,569.8000824782164,428.90280268791156,310.3871571287275,97.8203472336301,722.2364736300862,7.049585828425764,999.0,4.226918393709145
29.835836204683204,26.2948636078554,2.302708505668243,0.75,0.6,0.0,2.460300160345016,2812.3586989488354,1843.7052079237453,566.7257663820201,428.7162619534031,310.06829818277566,97.8260428911553,725.461760768977,6.923869428854655,999.0,4.14028513285851
30.598660184671367,26.578682756703707,2.3334548557706545,0.75,0.6,0.0,2.476092710597343,2811.416305121919,1804.9179462390707,563.7339411464175,428.50453327360276,309.7488516786127,97.83153665181239,728.6379330565132,6.802854461927359,999.0,4.056882236184441
31.361365240364773,26.86048575030697,2.363982794200435,0.75,0.6,0.0,2.491538251533882,2810.496764408185,1767.6112385756016,560.8208674285601,428.26912080676567,309.4288767432025,97.83683978355553,731.766463691766,6.68629519678455,999.0,3.9765523986538316
32.12395137176341,27.140272588665212,2.3942923209575855,0.75,0.6,0.0,2.5066493822203713,2809.5992306362123,1731.7101537141468,557.982983350872,428.0114260944798,309.108429508962,97.84196274020248,734.8487721561834,6.573962381615659,-998.0,3.899146717691767
32.8864185788673,27.418043271778426,2.4243834360421057,0.75,0.6,0.0,2.5214379592995826,2808.722904785465,1697.1445263505207,555.2169614765288,427.7327855836912,308.7875632001131,97.84691523296908,737.8862260854214,6.465641912755065,-998.0,3.824525276785127
33.64876686167643,27.693797799646614,2.4542561394539963,0.75,0.6,0.0,2.5359151563155455,2807.867031470987,1663.8485945357008,552.5196892943451,427.4344724453306,308.46632822433116,97.85170629466694,740.8801431314063,6.361133628520536,-998.0,3.752556505470434
34.41099622019079,27.96753617226976,2.4839104311932543,0.75,0.6,0.0,2.5500915170061806,2807.030895763273,1631.7606692024858,549.8882516049301,427.117698554354,308.14477226810465,97.85634433741905,743.8317928037313,6.26025021456536,-998.0,3.6831165915172854
35.1731066544104,28.239258389647887,2.513346311259884,0.75,0.6,0.0,2.5639770033102027,2806.213820303853,1600.8228325386187,547.3199146018474,426.7836165841771,307.8229403944654,97.86083720463796,746.7423982815595,6.162816209075369,-998.0,3.6160889405301084
35.935098164335244,28.508964451780983,2.542563779653883,0.75,0.6,0.0,2.577581038727952,2805.4151626825883,1570.9806623346062,544.8121114655423,426.4333221763228,307.50087514196116,97.86519221791514,749.6131381889719,6.068667097499994,-998.0,3.5513636786765868
36.69697074996533,28.776654358669045,2.5715628363752505,0.75,0.6,0.0,2.5909125475856865,2804.63431304729,1542.1829797560197,542.3624293089424,426.0678561528801,307.17861662393767,97.86941621938847,752.445148328229,5.977648487690574,-998.0,3.488837194681869
37.45872441130066,29.042328110312077,2.6003434814239887,0.75,0.6,0.0,2.603979990676333,2803.8706919202264,1514.3816182718674,539.9685973322185,425.68820674517656,306.8562026273498,97.87351561008461,755.2395233667017,5.889615357354131,-998.0,3.4284117176112576
38.22035914834123,29.305985706710082,2.6289057148000956,0.75,0.6,0.0,2.6167913976848394,2803.123748199451,1487.5312117176422,537.6284760605367,425.2953118170238,306.53366871046745,97.87749638467139,757.9973184743355,5.804431366636766,-998.0,3.369994927305388
38.981874961087044,29.567627147863057,2.657249536503573,0.75,0.6,0.0,2.6293543967512973,2802.392957325757,1461.588999688817,535.3400475530112,424.8900610651323,306.2110482989666,97.88136416300365,760.7195509094289,5.72196822944543,-998.0,3.3134995946363697
39.74327184953809,29.827252433770997,2.6853749465344188,0.75,0.6,0.0,2.641676241478413,2801.6778195984784,1436.5146486517087,533.1014064836744,424.4732981828355,305.88837277998914,97.88512421879953,763.4072015513062,5.642105137814853,-998.0,3.258843249025166
40.50454981369438,30.08486156443392,2.713281944892635,0.75,0.6,0.0,2.653763835650371,2800.977858625461,1412.270087327256,530.9107520064584,424.0458229763401,305.56567159388084,97.88878150574484,766.0612163793434,5.564728234239014,-998.0,3.2059478709035503
41.26570885355592,30.340454539851805,2.7409705315782213,0.75,0.6,0.0,2.66562375589657,2800.2926198942705,1388.819355052249,528.7663803256032,423.6083934248693,305.24297232320174,97.89234068128893,768.6825078966303,5.489730127440643,-998.0,3.154739607022017
42.02674896912269,30.59403136002466,2.7684407065911762,0.75,0.6,0.0,2.677262272505133,2799.6216694532254,1366.12846195443,526.666677902453,423.1617276791563,304.92030077917104,97.89580612836461,771.271956501687,5.417009447495863,-998.0,3.105148506698901
42.7876701603947,30.84559202495248,2.795692469931501,0.75,0.6,0.0,2.688685368566719,2798.9645926921344,1344.1652598948394,524.6101152360231,422.7065059932636,304.5976810851433,97.89918197523934,773.8304118062437,5.34647043669685,-998.0,3.0571082772827856
43.54847242737196,31.09513653463528,2.8227258215991955,0.75,0.6,0.0,2.6998987576082616,2798.320993213733,1322.8993232346832,522.595241161639,422.2433725863905,304.2751357568544,97.9024721136809,776.3586938982435,5.27802257290142,-998.0,3.0105560572574555
44.30915577005446,31.342664889073045,2.84954076159426,0.75,0.6,0.0,2.7109078998582867,2797.690491787782,1302.3018385764196,520.6206776191598,421.772937433871,303.95268577994915,97.90568021560124,778.8575945563789,5.2115802224027465,-998.0,2.965432205558663
45.0697201884422,31.588177088265788,2.8761372899166933,0.75,0.6,0.0,2.7217180172699824,2797.0727253806026,1282.3455027111488,518.6851148456446,421.29577798556784,303.63035068428775,97.90880974832424,781.3278784128563,5.147062319716412,-998.0,2.921680105802304
45.83016568253517,31.83167313221349,2.902515406566496,0.75,0.6,0.0,2.73233410741468,2796.46734625359,1263.0044280779384,516.7873069531948,420.8124408119519,303.30814861523874,97.9118639886074,783.7702840676272,5.084392071898689,-998.0,2.879245984237288
46.59049225233339,32.073153020916166,2.928675111543669,0.75,0.6,0.0,2.742760956346704,2795.874021124859,1244.2540551064228,514.9260678563792,420.32344317834577,302.986096401959,97.91484603553347,786.1855251552789,5.023496685258818,-998.0,2.8380787403410017
47.35069989783685,32.31261675437381,2.954616404848212,0.75,0.6,0.0,2.753003150530188,2795.2924303887426,1226.0710708729125,513.1002675173659,419.8292745483833,302.66420962270763,97.91775882237691,788.5742913661338,4.964307112534238,-998.0,2.798129789069477
48.11078861904554,32.55006433258643,2.9803392864801235,0.75,0.6,0.0,2.7630650879094465,2794.722267388392,1208.4333335529516,511.30882848010367,419.3303980181186,302.34250266725536,97.92060512753764,790.9372494231683,4.906757818783582,-998.0,2.759352913859552
48.870758415959486,32.78549575555402,3.0058437564394054,0.75,0.6,0.0,2.772950988196415,2794.1632377371384,1191.3198022006698,509.5507226677822,418.82725168252887,302.0209887964601,97.92338758462662,793.2750440163627,4.8507865644186525,-998.0,2.7217041295575997
49.63060928857867,33.01891102327658,3.031129814726057,0.75,0.6,0.0,2.782664902441532,2793.6150586846934,1174.7104714278264,507.82496842037256,418.3202499363907,301.6996801990918,97.9261086917783,795.5882986961326,4.796334203945235,-998.0,2.6851415545194546
50.3903412369031,33.250310135754106,3.0561974613400773,0.75,0.6,0.0,2.7922107219481234,2793.077458524636,1158.5863105937417,506.1306277513139,417.8097847116568,301.3785880459865,97.92877082025785,797.8776167274426,4.743344499116172,-998.0,2.649625291189713
51.14995426093275,33.47969309298661,3.0810466962814678,0.75,0.6,0.0,2.8015921865845854,2792.550176039927,1142.9292071518514,504.4668038044814,417.29622665360165,301.0577225416254,97.93137622242455,800.1435819062282,4.691763945319635,-998.0,2.615117314526392
51.90944836066765,33.70705989497407,3.1056775195502273,0.75,0.6,0.0,2.8108128925436158,2792.032959983509,1127.7219138297428,502.83263849437697,416.7799262380641,300.73709297323006,97.93392703910617,802.386759339699,4.641541610133108,-998.0,2.5815813676893864
52.66882353610781,33.93241054171652,3.1300899311463577,0.75,0.6,0.0,2.819876299593113,2791.525568591295,1112.9479993476432,501.2273103141127,416.2612148321466,300.41670775746394,97.93642530643474,804.6076961920595,4.592628983070349,-998.0,2.5489828644589814
53.42807978725319,34.155745033213925,3.1542839310698567,0.75,0.6,0.0,2.828785737859256,2791.0277691251085,1098.5918024057698,499.6500322972426,415.74040570076994,300.0965744848414,97.9388729621884,806.8069223971681,4.544979835635514,-998.0,2.5172887978941794
54.18721711410382,34.377063369466306,3.178259519320725,0.75,0.6,0.0,2.83754441417855,2790.5393374433233,1084.6383886939086,498.10005012077966,415.21779496144177,299.7766999619353,97.94127185168058,808.9849513395853,4.498550090877177,-998.0,2.486467654780136
54.946235516659684,34.59636555047366,3.2020166958989638,0.75,0.6,0.0,2.846155418052255,2790.060057597167,1071.0735106974691,496.576640337924,414.69366248958113,299.45709025147437,97.9436237332334,811.1422805054208,4.453297701705858,-998.0,2.456489335450286
55.7051349949208,34.813651576235976,3.2255554608045713,0.75,0.6,0.0,2.8546217272336087,2789.589721450833,1057.8835700931336,495.0791087300981,414.1682727767116,299.13775071042954,97.94593028326906,813.2793921043686,4.409182537302383,-998.0,2.4273250786015947
56.463915548887144,35.028921446753266,3.2488758140375484,0.75,0.6,0.0,2.8629462129755066,2789.1281283236817,1045.0555825443387,493.6067887687765,413.6418757437261,298.81868602615765,97.94819310104985,815.3967536640663,4.3661662770033365,-998.0,2.398947390751512
57.22257717855872,35.242175162025525,3.271977755597895,0.75,0.6,0.0,2.8711316449638336,2788.675084652987,1032.5771447224488,492.15904017865887,413.1147075115724,298.49990025078966,97.95041371309452,817.4948185991128,4.3242123110955415,-998.0,2.3713299800125944
57.981119883935555,35.45341272205276,3.2948612854856125,0.75,0.6,0.0,2.8791806959594517,2788.2304036757823,1020.436403393613,490.7352475938943,412.58699113101267,298.18139683366667,97.95259357729655,819.574026752824,4.283285648021429,-998.0,2.3444476938864494
58.73954366501762,35.66263412683496,3.317526403700698,0.75,0.6,0.0,2.8870959461697816,2787.7939051285184,1008.6220264241821,489.3348193009325,412.0589372742494,297.8631786523724,97.95473408676735,821.6348049180981,4.243352827495458,-998.0,2.318276460800493
59.49784852180494,35.869839376372134,3.3399731102431542,0.75,0.6,0.0,2.89487988736918,2787.365414963309,997.1231755693188,487.9571860607448,411.53074488962653,297.5452480419761,97.95683657342542,823.6775673332985,4.204381839126583,-998.0,2.292793235133548
60.25603445429749,36.07502847066427,3.3622014051129803,0.75,0.6,0.0,2.9025349267855987,2786.944765079677,985.92948092014,486.6018000048931,411.00260182174384,297.22760682284235,97.95890231135108,825.7027161573519,4.1663420461326215,-998.0,2.2679759454944777
61.014101462495276,36.278201409711386,3.384211288310175,0.75,0.6,0.0,2.91006339076963,2786.53179307078,975.0310168944713,485.26813359984544,410.4746853986375,296.91025632698944,97.9609325199239,827.7106419240425,4.129204113786857,-998.0,2.243803446036238
61.77204954639832,36.47935819351346,3.4060027598347395,0.75,0.6,0.0,2.9174675282606146,2786.1263419831766,964.4182796652508,483.95567867456487,409.94716298776814,296.5931974230776,97.96292836675957,829.7017239766006,4.092939942260454,-998.0,2.220255470603901
62.529878706006585,36.67849882207052,3.4275758196866732,0.75,0.6,0.0,2.924749514063366,2785.728260089272,954.0821659287434,482.6639455068073,409.4201925224728,296.2764305400993,97.96489097046053,831.6763308835505,4.0575226035514484,-998.0,2.1973125895300356
63.28758894132012,36.875623295382546,3.448930467865978,0.75,0.6,0.0,2.9319114519479443,2785.337400671652,944.0139529222103,481.3924619639258,408.89392300043914,295.95995568983113,97.96682140319419,833.6348208366762,4.0229262822158125,-998.0,2.1749561689046004
64.04518025233887,37.07073161344954,3.4700667043726505,0.75,0.6,0.0,2.9389553775839206,2784.953621818559,934.2052796074862,480.1407726938953,408.36849495524757,295.64377248796694,97.96872069311102,835.5775420301322,3.989126219646884,-998.0,2.1531683321594333
64.80265263906286,37.2638237762715,3.490984529206693,0.75,0.6,0.0,2.9458832613197092,2784.5767862298353,924.6481289431993,478.90843836520236,407.8440409046493,295.32788017471546,97.97058982661423,837.5048330304438,3.9560986616182556,-998.0,2.13193192381659
65.56000610149209,37.45489978384843,3.5116839423681063,0.75,0.6,0.0,2.9526970108167223,2784.206761032693,915.3348111740892,477.69503494808686,407.3206857725377,295.012277633503,97.97242975049112,839.4170231208363,3.923820808950199,-998.0,2.111230475266476
66.31724063962658,37.64395963618034,3.5321649438568885,0.75,0.6,0.0,2.959398473547369,2783.8434176067367,906.2579480711603,476.500153038201,406.79854729007786,294.6969634091835,97.9742413739163,841.3144326370212,3.892270771013745,-998.0,2.0910481724436933
67.0743562534663,37.83100333326721,3.55242753367304,0.75,0.6,0.0,2.965989439165263,2783.486631417669,897.4104580612376,475.32339721811115,406.27773637534006,294.38193572520345,97.97602557033524,843.1973732878564,3.8614275219170744,-998.0,2.0713698252831327
67.83135294301125,38.01603087510906,3.5724717118165614,0.75,0.6,0.0,2.972471641755387,2783.1362818591997,888.7855421889479,474.1643854543267,405.7583574928184,294.0671924998491,97.97778317923664,845.06614846244,3.8312708591932134,-998.0,2.0521808388452483
68.58823070826145,38.19904226170588,3.5922974782874526,0.75,0.6,0.0,2.978846761971421,2782.792252102663,880.3766708582323,473.02274852755266,405.2405089939751,293.75273136163446,97.97951500782113,846.9210535244509,3.8017813648246723,-998.0,2.0334671860073272
69.34498954921689,38.38003749305766,3.6119048330857124,0.75,0.6,0.0,2.9851164290669048,2782.4544289539117,872.1775713042757,471.8981294939975,404.7242834398394,293.4385496638753,97.98122183257334,848.7623760943296,3.7729403684536185,-998.0,2.0152153816247425
70.10162946587758,38.55901656916442,3.6312937762113435,0.75,0.6,0.0,2.9912822228264986,2782.12270271707,864.1822157501925,470.79018317572786,404.20976790663747,293.1246444984906,97.98290440074355,850.5903963198633,3.744729912637185,-998.0,1.997412458072712
70.8581504582435,38.73597949002614,3.650464307664342,0.75,0.6,0.0,2.997345675403106,2781.7969670647653,856.3848102060272,469.698575678217,403.697044275376,292.811012709071,97.9845634317454,852.4053871357215,3.717132720017688,-998.0,1.98004594208523
71.61455252631467,38.91092625564284,3.6694164274447116,0.75,0.6,0.0,3.0033100966132014,2781.4770211663163,848.7795738130341,468.6229365646003,403.18615975726766,292.4976509877913,97.98619961847466,854.2076140281401,3.6901321643790057,-998.0,1.9631033042199793
72.37083567009107,39.08385686601451,3.6881501355524513,0.75,0.6,0.0,3.0091729020429736,2781.1629810092386,841.3616140525891,467.56305793414117,402.67725241579416,292.1845556161982,97.98781362855546,855.997336831178,3.663712234530485,-998.0,1.94657416555041
73.12699988957272,39.254771321141135,3.7066654319875583,0.75,0.6,0.0,3.0149377698030664,2780.8546273478532,834.1255125642263,466.51857765523954,402.17035286538226,291.8717227679783,97.98940610551475,857.7748082728997,3.6378575138821128,-998.0,1.9304467436957182
73.88304518475961,39.423669621022746,3.724962316750037,0.75,0.6,0.0,3.0206060435143205,2780.551866950162,827.066311887668,465.4892030293253,401.66552505473044,291.55914841348914,97.99097766989541,859.5402748099983,3.612553151444006,-998.0,1.9147103392378462
74.63897155565174,39.59055176565932,3.743040789839884,0.75,0.6,0.0,3.0261790298800344,2780.254609237025,820.1792403196731,464.4746505040421,401.16282892733733,291.2468283298143,97.99252892030803,861.2939768384181,3.5877848369242655,-998.0,1.8993546473011418
75.3947790022491,39.75541775505087,3.7609008512571016,0.75,0.6,0.0,3.0316579995556214,2779.9627662124803,813.4597038964391,463.47464533624645,400.66232063999314,290.9347581102597,97.9940604344259,863.0361488957996,3.563538777131644,-998.0,1.8843697408876
76.15046752455171,39.918267589197384,3.7785425010016884,0.75,0.6,0.0,3.037044188044251,2779.6762523934526,806.9032787791633,462.4889212698904,400.164052768919,290.6229331733237,97.99557276992716,864.7670198560883,3.5398016736049107,-998.0,1.8697460550291412
76.90603712255955,40.079101268098874,3.7959657390736443,0.75,0.6,0.0,3.042338796606907,2779.394984739486,800.5057040209043,461.517220228209,399.66807450439234,290.31134877117,97.99706646538712,866.4868131166509,3.516560701395893,-998.0,1.8554743717144995
77.66148779627264,40.237918791755334,3.8131705654729697,0.75,0.6,0.0,3.047542993177461,2779.118882582982,794.2628746940527,460.55929201963204,399.1744318346216,289.9999999976291,97.99854204112387,868.1957467782208,3.4938034889381715,-998.0,1.8415458055503122
