Position X [mm],Radius Y [mm],Mach Number,T_Gas_Recovery [K],h_Gas [W/m2K],Channel Width [mm],Channel Height [mm],T_Wall_Hot [K],T_Wall_Cold [K],T_Coolant [K],P_Coolant [bar],Heat Flux [MW/m2],Coolant Velocity [m/s],Coolant Density [kg/m3],Coolant Quality
-137.93355532962644,48.26992740757634,0.04967630395277465,3059.473752244971,1055.6848744183656,4.77597353192103,0.75,598.9373025780235,512.352265482408,322.2564665866194,53.12178393971049,2.5975511128684623,33.651990471511844,119.04904317696051,998.0
-136.7349928016234,48.26992740757634,0.04967630395277465,3059.473752244971,1055.6848744183656,4.77597353192103,0.75,597.6395131403883,511.00880748878984,321.5152564416618,53.12178393971049,2.5989211695479537,33.423307094787404,119.86358068254947,998.0
-135.53643027362034,48.26992740757634,0.04967630395277465,3059.473752244971,1055.6848744183656,4.77597353192103,0.75,596.3250095695546,509.6480472000529,320.7801272778317,53.14347081227292,2.6003088710850517,33.1945765701703,120.68951258242018,998.0
-134.3378677456173,48.26992740757634,0.04967630395277465,3059.473752244971,1055.6848744183656,4.77597353192103,0.75,594.9933204254985,508.2694965864365,320.05120432102825,53.16500914606785,2.601714715171859,32.96580138096616,121.52707044297136,998.0
-133.13930521761426,48.26992740757634,0.04967630395277465,3059.473752244971,1055.6848744183656,4.77597353192103,0.75,593.6439638447636,506.8726568279523,319.3286142119343,53.18639891860987,2.6031392105043376,32.736984211148155,122.3764913956065,998.0
-131.9407426896112,48.26992740757634,0.04967630395277465,3059.473752244971,1055.6848744183656,4.77597353192103,0.75,592.2764475235826,505.45701829691166,318.61248495109487,53.20764010917094,2.6045828768001287,32.50812794800981,123.23801829009798,998.0
-130.74218016160816,48.26992740757634,0.04967630395277465,3059.473752244971,1055.6848744183656,4.77597353192103,0.75,590.8902687157138,504.0220605556859,317.9029458390187,53.22873269891145,2.6060462448008352,32.2792356846081,124.1118998534403,998.0
-129.54361763360512,48.26992740757634,0.04967630395277465,3059.473752244971,1055.6848744183656,4.77597353192103,0.75,589.4849142455997,502.5672523703287,317.2001274111963,53.24967667101283,2.607529856258131,32.05031072198377,124.99839085446813,998.0
-128.34505510560206,48.26992740757634,0.04967630395277465,3059.473752244971,1055.6848744183656,4.77597353192103,0.75,588.0598605374192,501.09205174064954,316.5041613679474,53.27047201081154,2.609034263903091,31.821356571147874,125.8977522745242,998.0
-127.14649257759902,48.26992740757634,0.04967630395277465,3059.473752244971,1055.6848744183656,4.77597353192103,0.75,586.6145736605347,499.5959059472609,315.81518049902246,53.29111870593432,2.6105600313982134,31.59237695482398,126.81025148447868,998.0
-125.94793004959598,48.26992740757634,0.04967630395277465,3059.473752244971,1055.6848744183656,4.77597353192103,0.75,585.1485093659771,498.078251589347,315.13331859065846,53.31161674643452,2.6121077332989024,31.36337580514303,127.73616244386317,998.0
-124.74936752159293,48.26992740757634,0.04967630395277465,3059.473752244971,1055.6848744183656,4.77597353192103,0.75,583.6611132760879,496.53851478097897,314.45871039202103,53.331966124926836,2.613677954853268,31.134357281097483,128.67576582561972,998.0
-123.55080499358988,48.26992740757634,0.04967630395277465,3059.473752244971,1055.6848744183656,4.77597353192103,0.75,582.1518207633286,494.9761110256599,313.7914914204884,53.35216683673347,2.6152712921300605,30.905325737460448,129.62934934472165,998.0
-122.35224246558684,48.26992740757634,0.04967630395277465,3059.473752244971,1055.6848744183656,4.77597353192103,0.75,580.6200573703074,493.3904456511321,313.1317980069155,53.372218880009896,2.6168883515752603,30.676285769876937,130.59720778086066,998.0
-121.15367993758379,48.26992740757634,0.04967630395277465,3059.473752244971,1055.6848744183656,4.77597353192103,0.75,579.0652385841919,491.78091357585106,312.4797670305664,53.39212225589998,2.6185297502502243,30.44724216381777,131.57964340673595,998.0
-119.95511740958074,48.26992740757634,0.04967630395277465,3059.473752244971,1055.6848744183656,4.77597353192103,0.75,577.4867702992999,490.14689978785543,311.8355359527893,53.411876968657886,2.6201961153433335,30.218199939446396,132.57696602251923,998.0
-118.7565548815777,48.26992740757634,0.04967630395277465,3059.473752244971,1055.6848744183656,4.77597353192103,0.75,575.8840488230867,488.4877793509641,311.1992426321075,53.43148302579902,2.6218880841636776,29.989164328490943,133.5894932833319,998.0
-117.55799235357465,48.26992740757634,0.04967630395277465,3059.473752244971,1055.6848744183656,4.77597353192103,0.75,574.2564610956795,486.80291763203644,310.57102522272004,53.45094043823597,2.6236063039092907,29.760140778951087,134.61755091787842,998.0
-116.3594298255716,48.26992740757634,0.04967630395277465,3059.473752244971,1055.6848744183656,4.77597353192103,0.75,572.6033848898971,485.09167050803063,309.9510220525447,53.47024922041745,2.6253514314559956,29.53113495464016,135.6614729771565,998.0
-115.16086729756856,48.26992740757634,0.04967630395277465,3059.473752244971,1055.6848744183656,4.77597353192103,0.75,570.9241890738978,483.3533846378933,309.33937151346737,53.4894093904669,2.627124133080133,29.302152740402992,136.72160206542492,998.0
-113.9623047695655,48.26992740757634,0.04967630395277465,3059.473752244971,1055.6848744183656,4.77597353192103,0.75,569.2182336546525,481.58739750756376,308.7362118608191,53.508420970324465,2.628925084412662,29.073200217264045,137.79828972026004,1.2051981552695215
-112.76374224156245,48.26992740757634,0.04967630395277465,3059.473752244971,1055.6848744183656,4.77597353192103,0.75,567.4848702878801,479.7930379578523,308.14168117941307,53.52728398587274,2.6307549699008344,28.844283696426942,138.89189652956944,1.1980922072999614
-111.56517971355942,48.26992740757634,0.04967630395277465,3059.473752244971,1055.6848744183656,4.77597353192103,0.75,565.723442352499,477.96962626151253,307.5559171772785,53.54599846708464,2.6326144827295943,28.61540969520244,140.00279252704004,1.1909732075572825
-110.36661718555636,48.26992740757634,0.04967630395277465,3059.473752244971,1055.6848744183656,4.77597353192103,0.75,563.933285248012,476.11647443109086,306.97905705818135,53.564564448155515,2.634504324507634,28.386584941219844,141.1313574679519,1.1838411235602109
-109.16805465755331,48.26992740757634,0.04967630395277465,3059.473752244971,1055.6848744183656,4.77597353192103,0.75,562.1137266516138,474.23288648508145,306.41123737442575,53.582981967638105,2.636425204995969,28.15781637104012,142.27798114182002,1.1766959212200034
-107.96949212955028,48.26992740757634,0.04967630395277465,3059.473752244971,1055.6848744183656,4.77597353192103,0.75,560.2640867725081,472.3181587111927,305.8525938764173,53.60125106857641,2.638377841839462,27.929111128766817,143.44306369662002,1.1695375648133324
-106.77092960154722,48.26992740757634,0.04967630395277465,3059.473752244971,1055.6848744183656,4.77597353192103,0.75,558.3836785974477,470.37157992052744,305.303261359289,53.61937179863876,2.640362960307606,27.700476564706726,144.62701597480955,1.1623660169557597
-105.57236707354417,48.26992740757634,0.04967630395277465,3059.473752244971,1055.6848744183656,4.77597353192103,0.75,556.4718081201877,468.39243168511115,304.76337350690466,53.63734421024995,2.6423812930522965,27.471920234138906,145.83025986131076,1.1551812385755582
-104.37380454554113,48.26992740757634,0.04967630395277465,3059.473752244971,1055.6848744183656,4.77597353192103,0.75,554.5277745458775,466.37998854947557,304.2330627335458,53.65516836072257,2.6444335798920573,27.24344989625169,147.05322864358962,1.1479831888883942
-103.1752420175381,48.26992740757634,0.04967630395277465,3059.473752244971,1055.6848744183656,4.77597353192103,0.75,552.5508704595175,464.333518205044,303.7124600235996,53.67284431238758,2.646520567634204,27.015073513316846,148.29636738389172,1.1407718253720978
-101.97667948953504,48.26992740757634,0.04967630395277465,3059.473752244971,1055.6848744183656,4.77597353192103,0.75,550.5403819452465,462.2522816136161,303.2016947695441,53.690372132724455,2.6486430099489118,26.786799250169558,149.56013330365772,1.133547103742032
-100.77811696153199,48.26992740757634,0.04967630395277465,3059.473752244971,1055.6848744183656,4.77597353192103,0.75,548.4955885904224,460.13553301159203,302.70089459600183,53.70775189449085,2.6508016673649104,26.558635468743812,150.84499621031048,1.1263089779265163
-99.57955443352895,48.26992740757634,0.04967630395277465,3059.473752244971,1055.6848744183656,4.77597353192103,0.75,546.4157636636784,457.9825200942946,302.21018524766987,53.724983675848804,2.6529973070815123,26.330590750639985,152.15143877986492,1.1190574000421696
-98.3809919055259,48.26992740757634,0.04967630395277465,3059.473752244971,1055.6848744183656,4.77597353192103,0.75,544.3001736540959,455.792483538926,301.7296903417752,53.74206756050559,2.655230703455099,26.10267386336866,153.47995717235136,1.1117923203696989
-97.18242937752285,48.26992740757634,0.04967630395277465,3059.473752244971,1055.6848744183656,4.77597353192103,0.75,542.1480782184841,453.56465694999144,301.25953125862895,53.75900363783262,2.6575026380547793,25.874893785628366,154.8310613301475,1.104513687328008
-95.98386684951981,48.26992740757634,0.04967630395277465,3059.473752244971,1055.6848744183656,4.77597353192103,0.75,539.958729663118,451.29826632280106,300.7998269562132,53.77579200300077,2.659813900209509,25.647259701486448,156.20527546658275,1.0972214474481499
-94.78530432151676,48.26992740757634,0.04967630395277465,3059.473752244971,1055.6848744183656,4.77597353192103,0.75,537.7313724366576,448.9925295185439,300.350693833786,53.792432757111996,2.6621652875434094,25.419781017667816,157.60313843180532,1.0899155453455787
-93.58674179351371,48.26992740757634,0.04967630395277465,3059.473752244971,1055.6848744183656,4.77597353192103,0.75,535.4652417819432,446.6466548686416,299.91224547239716,53.808926007342095,2.6645576073990473,25.19246732421494,159.02520444207906,1.082595923690741
-92.38817926551067,48.26992740757634,0.04967630395277465,3059.473752244971,1055.6848744183656,4.77597353192103,0.75,533.1595631983273,444.2598406181593,299.48459261028734,53.82527186705806,2.6669916774050413,24.96532846664477,160.47204313719564,1.0752625231754198
-91.18961673750762,48.26992740757634,0.04967630395277465,3059.473752244971,1055.6848744183656,4.77597353192103,0.75,530.8135501612069,441.83127256508965,299.0678428373058,53.84147045598219,2.6694683278835174,24.73837448629768,161.9442404695058,1.067915282477619
-89.99105420950457,48.26992740757634,0.04967630395277465,3059.473752244971,1055.6848744183656,4.77597353192103,0.75,528.4264026111689,439.36012249633234,298.6621005360863,53.857521900317565,2.671988403445097,24.511615680895503,163.44239885240052,1.060554138219184
-88.79249168150153,48.26992740757634,0.04967630395277465,3059.473752244971,1055.6848744183656,4.77597353192103,0.75,525.997303863891,436.84554498885547,298.2674666271537,53.87342633291284,2.6745527662510673,24.285062569933167,164.96713793085786,1.0531790249190705
-87.59392915349848,48.26992740757634,0.04967630395277465,3059.473752244971,1055.6848744183656,4.77597353192103,0.75,523.5254175348,434.2866742261343,297.88403844455337,53.88918389340464,2.67716229925997,24.05872592678984,166.51909493564068,1.0457898749370351
-86.39536662549543,48.26992740757634,0.04967630395277465,3059.473752244971,1055.6848744183656,4.77597353192103,0.75,521.0098833425067,431.68261965391144,297.5119095536984,53.904794728380764,2.679817910657856,23.83261678391732,168.0989252232327,1.038386618408111
-85.19680409749239,48.26992740757634,0.04967630395277465,3059.473752244971,1055.6848744183656,4.77597353192103,0.75,518.4498119759746,429.0324606667434,297.15116957788297,53.92025899154687,2.682520539276936,23.6067464444553,169.70730278566845,1.0309691831643037
-83.99824156948934,48.26992740757634,0.04967630395277465,3059.473752244971,1055.6848744183656,4.77597353192103,0.75,515.8442787666019,426.33524005740634,296.80190402246876,53.935576843900705,2.6852711612758653,23.381126495059274,171.3449207624896,1.0235374946408777
-82.79967904148629,48.26992740757634,0.04967630395277465,3059.473752244971,1055.6848744183656,4.77597353192103,0.75,513.192315919216,423.5899559745036,296.4641940961277,53.95074845391471,2.68807079834137,23.15576881990502,173.01249195361893,1.0160914757634252
-81.60111651348325,48.26992740757634,0.04967630395277465,3059.473752244971,1055.6848744183656,4.77597353192103,0.75,510.4929030035237,420.79555207931446,296.1381165284529,53.96577399772772,2.6909205277262758,22.930685615802282,174.71074933201513,1.0086310468115738
-80.4025539854802,48.26992740757634,0.04967630395277465,3059.473752244971,1055.6848744183656,4.77597353192103,0.75,394.8814802954205,301.1158216957802,296.0991246630227,53.98065365934665,2.812969757989208,22.769898486061606,175.9444500416223,1.0011561252539058
-79.20399145747714,48.26992740757634,0.04967630395277465,3059.473752244971,1055.6848744183656,4.77597353192103,0.75,394.87639169756164,301.1105540327283,296.11127884680093,53.99542916753948,2.8129751299450003,22.622044414503144,177.09439488436564,0.9933303707922003
-78.0054289294741,48.26992740757634,0.04967630395277465,3059.473752244971,1055.6848744183656,4.77597353192103,0.75,394.87085655275,301.10482410896145,296.1233512208904,54.01010891422731,2.8129809733136555,22.474316423829585,178.25847029482296,0.9854984194235668
-76.7418695349012,48.2533865090221,0.04971045360467073,3059.473663223405,1056.3362464092802,4.774150206819915,0.75,394.9213147605287,301.0992072226518,296.1359980155493,54.024692981566844,2.814663226136307,22.32719417394016,179.50161055406411,0.9776603135984788
-75.47917612082112,48.20377514966501,0.04981309134942265,3059.473395298606,1058.2936694850594,4.768681481132517,0.75,395.0850985406613,301.09492295702756,296.1485767203969,54.03997432576033,2.8197052675090126,22.19702820914878,180.76128861069964,0.9693884911322067
-74.21821407422695,48.12112733065264,0.04998478579486906,3059.4729458742395,1061.5671013622602,4.759571102850254,0.75,395.3629980335642,301.09194886557793,296.1610994230995,54.055176793313805,2.8281314750395885,22.08357878551707,182.03768494463245,0.9611095064159546
-72.95984759551897,48.005499694671784,0.0502264345346796,3059.4723107209115,1066.173260467918,4.746825315771328,0.75,395.7563527775951,301.0902618495668,296.1735781223849,54.07031494401266,2.8399827278408494,21.9866707165945,183.33097818729598,0.952825006148466
-71.70493910622486,47.85697148712841,0.0505394538577895,3059.4714834256697,1072.1358109418738,4.730452855221535,0.75,396.26706563063584,301.08983802474717,296.1860247876953,54.08540324327421,2.8553168281766594,21.906192754004966,184.64134476824958,0.9445366315328385
-70.45434865793912,47.675644501836835,0.05092562467681577,3059.4704557181353,1079.4856279163746,4.710464942067513,0.75,396.89762277207024,301.0906525572081,296.1984514193891,54.10045613405559,2.8742091064458637,21.84209758137346,185.96895852437677,0.9362460213685159
-69.20893334288662,47.461643011255276,0.05138715332430318,3059.4692172091527,1088.2611465593727,4.6868752750265195,0.75,397.651119937975,301.09267945568104,296.2108701102492,54.11548810956282,2.8967532144688195,21.79440243126513,187.31399026871372,0.9279548151375953
-67.96954670651441,47.21511368131576,0.05192670378212274,3059.4677551739096,1098.508802540139,4.659700021278015,0.75,398.5312954546951,301.0958913213101,296.223293109065,54.13051378765827,2.923062124001551,21.763190346225,188.67660731675866,0.9196646561174471
-66.73703816251431,46.936225470906635,0.05254743287678046,3059.4660542922925,1110.2835727022202,4.628957805383485,0.75,399.54257066698096,301.10025904984604,296.23573288713703,54.14554798791441,2.9532693485140467,21.74861211736705,190.0569729677688,0.9113771945446323
-65.5122524106772,46.62516951607652,0.05325158775101032,3059.464100364985,1123.6496320071924,4.594669696522094,0.75,400.6900991114413,301.1057515081468,296.2482022086163,54.16060581233423,2.987530428098835,21.750888946625246,191.45524594600252,0.9030940908568272
-64.29602885797799,46.28215899903927,0.054049564485523074,3059.4618546850365,1138.6810994352704,4.556859194050926,0.75,401.9798204332833,301.1123349502411,296.26071420570565,54.17570273085702,3.0260245644912653,21.770315901117538,192.87157974358655,0.8948170189936349
-63.08920104328797,45.907429002069506,0.05493737426412578,3059.459316977521,1155.4630350300408,4.515552211399701,0.75,403.4185376399035,301.1199729713369,296.2732824598654,54.19085467290054,3.068956940056999,21.80726622005013,194.30612202982795,0.8865476701327697
-61.892596066108936,45.50123634638897,0.05592539893620905,3059.456444253787,1174.0924212969428,4.470777058310995,0.75,405.01398455379854,301.1286253970461,296.28592109035975,54.20607812634049,3.116560774702572,21.862196604733153,195.7590138517588,0.8782877558460352
-60.70703401972048,45.06385941615409,0.05701984516112981,3059.453202388487,1194.6794954489706,4.422564421438168,0.75,406.7749261468381,301.13824799187745,296.298644851653,54.22139024555429,3.1691003446488186,21.935653586577477,197.2303888733852,0.8700390124135154
-59.53332742912907,44.59559796766538,0.05822563426364374,3059.4495580465295,1217.3492257075955,4.370947343314259,0.75,408.71126526246354,301.148791653325,296.3114692414453,54.2368089703916,3.2268742082741557,22.028281137438906,198.7203725398409,0.8618032047649958
-58.372280694203944,44.09677292392945,0.059557248421767385,3059.4454448957977,1242.243005212273,4.31596119970628,0.75,410.8341626085915,301.1602013103385,296.3244106214574,54.25235315826016,3.2902188389475904,22.140829713901297,200.22908111060858,0.853582130797331
-57.22468953838163,43.56772615471442,0.061018647594730434,3059.4408239344707,1269.5207683705726,4.257643675370443,0.75,413.15619196301975,301.17241531943193,296.3374863534463,54.26804273191335,3.359513299307634,22.27416694179566,201.75662074834895,0.8453776264149496
-56.09134046331688,43.00882024224943,0.06262178999883228,3059.435626091242,1299.363301889813,4.196034738224901,0.75,415.69150044069204,301.18536389212215,296.35071495347074,54.28389884600092,3.435184096457095,22.42929024499377,203.30308642786187,0.8371915702451656
-54.97301020985368,42.420438232728905,0.06437843327172224,3059.4297759734777,1331.9750801191242,4.13117661195774,0.75,418.45600935845675,301.1989678791385,296.3641162679933,54.29994407607301,3.5177112443795475,22.60734174120542,204.86856082718623,0.8290258894686474
-53.87046522568594,41.80298337379185,0.06630274173634447,3059.423181980122,1367.5875518805385,4.063113747088969,0.75,421.4676423735651,301.2131370942239,296.3777116762396,54.316202634477506,3.6076351583802366,22.80962583087825,206.45311313614818,0.820882565884941
-49.52849328746214,39.29614470644454,0.07508320691822108,3059.3906331806857,1528.56134854047,3.7867816088057022,0.75,434.97663969108294,301.2573799238513,296.4382219635459,54.33270061855501,4.011577793016947,23.69279252281614,213.26130736256295,0.8127636426867703
-45.18652134923835,36.78930603909723,0.08574032868817819,3059.3457066811966,1721.0462929266214,3.5104494705224334,0.75,450.90743893384473,301.26600523269417,296.5072655072577,54.406177946815134,4.489243011034517,24.67287523965532,220.91036282006726,0.779291502446422
-40.84454941101455,34.28246737174992,0.09887040108749831,3059.282188258927,1954.0312519132353,3.2341173322391663,0.75,469.87598602013964,301.21663125105454,296.5869694936724,54.4901135944306,5.059780643072553,25.76943866865756,229.5820066357818,0.7441118557316397
-36.50257747279075,31.775628704402603,0.11530296386467724,3059.190005631647,2239.999547486878,2.957785193955898,0.75,492.73501417951593,301.1064135295755,296.6802695421835,54.587137064553154,5.748858019498213,27.008284153506445,239.51623318941614,0.7070213922867835
-32.16060553456695,29.26879003705529,0.13628628493915196,3059.0518232743066,2596.707833119261,2.6814530556726286,0.75,520.9708197573129,301.2823256598539,296.7913468652213,54.700885593975,6.5906548229237725,28.424497313079137,251.0357574940127,0.667777181247211
-27.81863359634315,26.76195136970798,0.16373701185531778,3058.8364723433133,3050.1216300571255,2.4051209173893606,0.75,558.0416254589162,303.784010298333,296.9263931671051,54.83655372930559,7.627728454817496,30.068213260815813,264.5781896796484,0.6260902817397375
-23.476661658119355,24.25511270236067,0.20078376145510637,3058.483947608274,3639.445400118034,2.1287887791060935,0.75,601.9572638327952,303.9441058483327,297.0950062405415,55.0018584711823,8.940394739533875,32.00946912373626,280.7938127814026,0.5816371930231936
-19.134689719895555,21.74827403501336,0.2529244352402537,3057.8681471399577,4426.112251188656,1.8524566408228256,0.75,658.1082261233362,304.05466657922983,297.3129864002606,55.20880923483231,10.621606786323191,34.35606167830847,300.64026981926366,0.533926909164074
-14.792717781671755,19.241435367666046,0.33110674977005833,3056.685810166259,5510.523396051563,1.5761245025395567,0.75,731.2404434076157,304.0930734155085,297.6084474214413,55.477274332800356,12.814421099763214,37.28109954419011,325.62620252915565,0.48236073891107084
-10.45074584344796,16.73459670031874,0.4627430319705431,3054.0105018983336,7063.500424868652,1.2997923642562894,0.75,828.1051384457726,304.01568909695345,298.03700655833234,55.84283499579136,15.722683480464575,41.082514024247835,358.31714105589884,0.4261021923355816
-9.948010478964179,16.453506178474267,0.4837560900555549,3053.5060845708686,7278.079599716635,1.2688073846625938,0.75,840.8033739091885,303.995825285706,298.08886539058494,56.37651354736871,16.104226458704474,41.595037607930514,362.5445315895771,0.3638480476470329
-9.43772073509125,16.186374927079857,0.5055949715642752,3052.959815087116,7491.113939114018,1.2393611538932983,0.75,853.2534553738092,303.97842293360554,298.14395829708155,56.44137070782902,16.478250973206105,42.06790960139981,366.98622757267754,0.35645533711762517
-8.920264118691154,15.933405801854654,0.5282660854631999,3052.369215303181,7701.432342139649,1.2114760330023322,0.75,865.3727972438885,303.93929903770857,298.20230567394043,56.510338623838564,16.8430049461854,42.49620104118992,371.6495772348775,0.34885472573532605
-8.396033579048167,15.694790903998163,0.5517813903982989,3051.731593605684,7907.780383185046,1.1851731975587168,0.75,877.1354508104414,303.92782683223845,298.26389449005626,56.5834549574091,17.196228719346088,42.874958213285524,376.54167188708516,0.34104917899500853
-7.865427209468707,15.4707114343113,0.5761372876112386,3051.044627964231,8108.835014992119,1.1604726215661367,0.75,888.455854090442,303.9200016698868,298.32867702862086,56.66071626774434,17.536075572616657,43.19926333175877,381.6693963666453,0.3330423918327917
-7.328847944974866,15.261337555595048,0.6013388747810244,3050.30573498315,8303.211448290815,1.1373930622949586,0.75,899.2673605005372,303.91647860997386,298.39656618381355,56.742076206532204,17.860526456716897,43.464326436914185,387.0392853782628,0.3248386378540012
-6.78670325632121,15.066828263431224,0.6273781034022609,3049.512708322073,8489.484138736347,1.1159520460382277,0.75,909.5027995252442,303.91679360960086,298.467432772938,56.82743933051551,18.167580177469297,43.66557909559387,392.65743101037094,0.3164429212952537
-6.239404840567226,14.88733126544346,0.6542525181542622,3048.6632013715034,8666.199918044787,1.0961658548024464,0.75,919.110685984687,303.93975817411035,298.541096973625,56.91665737024777,18.4551278343173,43.79878925554799,398.5292507169351,0.30786104741301845
-5.687368308440346,14.72298286913011,0.6819514265276326,3047.7551680720767,8831.902563760288,1.078049513943243,0.75,928.0157217051035,303.97131334269386,298.617365328602,57.009518020603295,18.721332250872287,43.86009747328782,404.66000001040504,0.29909983563730225
-5.131012868727009,14.57390787835426,0.7104601921166657,3046.786775336653,8985.154615957797,1.0616167807553354,0.75,936.076968670296,303.90850325977567,298.695960977827,57.10579116185577,18.965053962315608,43.846214377893,411.0538310062088,0.2901666620368359
-4.570761009931393,14.440219498569412,0.7397702275522158,3045.7560822568153,9124.558230132492,1.0468801340254261,0.75,943.3706339011885,303.92601904438436,298.7765999860734,57.205140374097844,19.183338445704123,43.75445603031784,417.7142877005208,0.2810700673416172
-4.007038179443583,14.322019250852868,0.7698565297304397,3044.661847121849,9248.788827511053,1.0338507645559951,0.75,949.7976809541857,303.9658044473608,298.8588560288082,57.307218748558654,19.374956295204743,43.583014861138395,424.6424972687969,0.27181976668124147
-3.4402724604608004,14.219396894812043,0.8006952898294051,3043.5029666954447,9356.61502504442,1.0225385666671554,0.75,955.2911799218671,304.00472060184984,298.9423808108807,57.41149700808917,19.538593779600514,43.33069109758206,431.8403954397692,0.26242775013784675
-2.8708942469070373,14.132430360422278,0.8322651812915934,3042.278430271343,9446.923153471706,1.0129521306830487,0.75,959.8064320477896,304.04133416530385,299.0267562149296,57.517542072488254,19.672952936474573,42.99721050761511,439.3082653613022,0.25290570759670916
-2.299335916597958,14.061185688847916,0.8645389072920133,3040.987658496888,9518.744768652023,1.0050987364084718,0.75,963.3115462956541,304.0825921633618,299.11154865198404,57.62482951785783,19.77686862396877,42.5831907268362,447.04542128915676,0.2432670083709123
-1.7260315028992608,14.005716982291574,0.8974831681673532,3039.6305498374177,9571.278961193118,0.9989843476006988,0.75,965.7813402365786,304.1350299519289,299.19629583617154,57.732812062163205,19.849389308539486,42.09019485868406,455.04983146203733,0.23352611037138596
-1.1514163651278364,13.966066362909679,0.9310654857707712,3038.2072301829958,9603.908239810524,0.9946136074406834,0.75,967.1826132147369,304.18493375634046,299.2805441737581,57.840902453604855,19.889930383751892,41.52067394641761,463.3186551257777,0.2236988064620509
-0.5759268579460222,13.9422639408255,0.9652505598396582,3036.7182134369164,9616.215247568362,0.9919898350070934,0.75,967.5052159840827,304.2386300983303,299.3638381223729,57.94852094896563,19.89799757657257,40.877972309826376,471.84788285549655,0.2138016764051662
-0.0,13.934327791263948,0.9896477828729605,3035.631475327962,9613.438447148923,0.9911150227558531,0.75,967.140332989459,304.2965904779936,299.44574669406614,58.05508178270198,19.88531227534396,40.16587202409125,480.6371310329417,0.20385231351070388
0.0,13.934327791263948,0.9896477828729605,3035.631475327962,9613.438447148923,0.9911150227558531,0.75,967.140332989459,304.2965904779936,299.44574669406614,58.16002718653877,19.88531227534396,40.16587202409125,480.6371310329417,0.19386367502611487
0.1088679102259833,13.935441228693632,0.9869207305032585,3035.7539244213426,9613.481826989979,0.9912377584347767,0.75,967.1840580460769,304.3120974374867,299.46116141707313,58.16002718653877,19.886158818257705,40.01985899365798,482.3310125866784,0.1938636750258568
0.21769027486397294,13.938781075168995,0.9739180841193568,3036.334394213251,9616.085032576415,0.9916059141242897,0.75,967.4731961941386,304.3283561691486,299.47649233200553,58.179794737074666,19.894345200749697,39.86420701424106,484.0345251408276,0.19196912007155287
0.3264215673802639,13.944345933443861,0.9609980771876891,3036.9056032998224,9615.802815134875,0.9922193358040997,0.75,967.6123222692263,304.34845036677007,299.4917263724536,58.19946029527347,19.897916157073688,39.69912549846613,485.74680377811507,0.19007321952522951
0.43501629934175695,13.952133475424105,0.9481559525913825,3037.4677953725354,9612.645322419954,0.9930777668453158,0.75,967.5959572314894,304.3644958009787,299.506851185662,58.21900700607139,19.89694384291532,39.5248396812377,487.46697886004716,0.18817701161117012
0.5434290394463361,13.962140443141628,0.9354014587274325,3038.020582598068,9606.62040847778,0.9941808481178098,0.75,967.4326459219662,304.38756825461485,299.5218537755838,58.2384189124606,19.89135233002054,39.341592906548044,489.194138868128,0.18628152435730913
0.6516144325293456,13.974362650117348,0.9227365785753334,3038.563927933984,9597.744969606592,0.9955281181404613,0.75,967.1130480610482,304.4044726581276,299.5367129787222,58.257679214741756,19.881257262087615,39.14965649305693,490.92719551612595,0.18438780989761078
0.7595272185382126,13.988794983112642,0.9101627633162751,3039.097822588202,9586.041119283202,0.9971190132742223,0.75,966.6482055510216,304.4286306656504,299.55142128654956,58.27676060630882,19.866587246561135,38.9492956219344,492.66529724965267,0.18249705407735106
0.867122251467281,14.005431404268505,0.8976831233401391,3039.6221932490803,9571.535032374843,0.9989528679579165,0.75,966.0294147068511,304.4472172836365,299.5659603055093,58.29565329445241,19.847465922696433,38.74080585789698,494.4073624281413,0.18061023002260634
0.9743545182449327,14.024264953631521,0.8853021152171103,3040.13691869092,9554.25703696628,1.0010289149866838,0.75,965.2649862626347,304.4696608890756,299.58031588527274,58.314333490303575,19.823859761206773,38.52448929847075,496.152364330386,0.17872848882897788
1.0811791575650938,14.045287752065603,1.134303472381965,3028.8038594544664,9397.879153299304,1.0033462858329436,0.75,954.2865176896709,304.4177417120288,299.5944822802653,58.33278283575113,19.49606327932926,38.30235716807996,497.8771888328073,0.1768529211973744
1.1875514786552495,14.068491004548292,1.1480107942524296,3028.125004143332,9362.040760768392,1.005904011009751,0.75,952.247729714851,304.4328077964434,299.6084420222817,58.35099376153391,19.434447657552226,38.0731802663115,499.60052125602294,0.1750091379552454
1.2934269799731153,14.093865003850198,1.161754718230518,3027.4391600479853,9323.692817201603,1.0087010204763844,0.75,950.0751316922774,304.4516626958406,299.62219035982264,58.368943617873306,19.368704069893102,37.837273090149125,501.32145112374315,0.17317598837409048
1.398761367824144,14.121399134596087,1.175531669424114,3026.7465544253496,9282.895375177231,1.011736144086008,0.75,947.7647528995292,304.4657345508069,299.6357122100766,58.386626092569216,19.298970550461668,37.59497379482694,503.03884864179594,0.17135437340059523
1.5035105748920736,14.15108187770589,1.1893381575556259,3026.0474167437205,9239.71201000736,1.0150081120752064,0.75,945.3239836700245,304.48114053419863,299.6490005567312,58.404021577663485,19.225285294074776,37.34661540420576,504.75172903034456,0.16954536168248813
1.607630778674774,14.182900815213786,1.2031683651613012,3025.3421017420033,9194.211030585293,1.0185155555952008,0.75,942.7570374658123,304.49948512913454,299.66204576889805,58.42112083051792,19.147726570100332,37.09254087028361,506.45904023156373,0.1677498826381785
1.7110784198176716,14.216842635463339,1.2170244065607372,3024.63056468124,9146.45911890834,1.022257007284515,0.75,940.0645310724807,304.51793083689995,299.67483972560296,58.437911237758016,19.066398007067423,36.83309553933375,508.1597492352703,0.16596890562654223
1.8138102203370823,14.252893138676507,1.2308986436164353,3023.9132646168387,9096.531635328187,1.0262309018828553,0.75,937.2451914215217,304.53045341317124,299.68737302855584,58.45438212221364,18.981442140250515,36.56863005333468,509.85278845219386,0.16420336638616115
1.9157832017258352,14.291037242894218,1.2447879508464743,3023.1904362391956,9044.503865756846,1.0304355768859474,0.75,934.3097659620455,304.54678938116433,299.6996394525401,58.47052115618491,18.892889297426432,36.299493228843524,511.53714009201724,0.16245421198094961
2.016954702933607,14.331258990286003,1.2586890024449675,3022.462329516143,8990.453570628786,1.0348692732410556,0.75,931.2636031824591,304.56943464709104,299.7116385211855,58.48632009275677,18.80082505606104,36.026027026058685,513.2118965519221,0.16072233130585056
2.016954702933607,14.331258990286003,1.2586890024449675,3022.462329516143,8990.453570628786,1.0348692732410556,0.75,931.2636031824591,304.56943464709104,299.7116385211855,58.501778089477774,18.80082505606104,36.026027026058685,513.2118965519221,0.15900850312033346
2.5559676941382063,14.551647357573941,1.3251858230138702,3018.917613417236,8706.725673707459,1.059162974139597,0.75,915.2055920699095,304.6574765248499,299.77081317569883,58.501778089477774,18.316443466351785,34.59906897764001,522.1212568795642,0.15900850311995057
3.0932038197875897,14.770684691853479,1.3806988146900478,3015.8853065191943,8441.917824116283,1.083307748884667,0.75,900.1134545287002,304.7410508926314,299.82550119958677,58.57806015939757,17.861172109082066,33.255052153616724,531.1156453917193,0.15002222931108478
3.628663079881759,14.988370993124626,1.4292899419372809,3013.1812751103253,8192.877443567015,1.107303597476266,0.75,885.7943593529042,304.813683491285,299.876128799329,58.64863156704407,17.429420275848575,31.98697363060858,540.2051430765738,0.1411825603867607
4.162345474420712,15.20470626138737,1.4729672277010524,3010.714253312367,7957.668999578768,1.1311505199143923,0.75,872.1571455052084,304.89282548434653,299.9231040335179,58.71402591010469,17.017929600625855,30.788597966986742,549.3995073415373,0.13248287563687014
4.69425100340445,15.419690496641723,1.512903565937831,3008.4307137785786,7734.894229384981,1.1548485161990483,0.75,859.1184966473378,304.9617411328353,299.96675924060503,58.77475654467198,16.624702665435073,29.65440972733078,558.7072067212758,0.12391710449012137
5.224379666832973,15.633323698887677,1.54985430898439,3006.2960369516236,7523.4525987501875,1.178397586330233,0.75,846.6324670681461,305.02825049261423,300.0074014561365,58.8312415990408,16.248126497265954,28.57945907122938,568.1365490427551,0.11548043293232739
5.75273146470628,15.845605868125235,1.5843504078131008,3004.2856422431755,7322.425982846134,1.2017977303079457,0.75,834.6485368481121,305.0816330517159,300.0452848149421,58.883868598547004,15.887007113891887,27.55932157834753,577.695089381827,0.10716832666176328
6.279306397024373,16.056537004354396,1.6167689938224776,3002.3820548720287,7131.034028834253,1.2250489481321871,0.75,823.1441948622185,305.13688364042207,300.08065528150297,58.93295833964008,15.540219336653893,26.589987041715233,587.3906245429101,0.09897701024080219
6.80410446378725,16.26611710757516,1.647399166022469,3000.571731237574,6948.591214644437,1.2481512398029573,0.75,812.0801311488248,305.18234762549713,300.1137189489643,58.97882248731126,15.20693350569983,25.66784443901277,597.2304837139906,0.09090264214685922
7.327125664994913,16.474346177787528,1.6764660251172712,2998.84404036211,6774.489030882929,1.2711046053202557,0.75,801.4384492671156,305.22844682465376,300.1446724687052,59.02172224603639,14.886300073273857,24.78960711291063,607.2222012588967,0.08294190705698246
7.848370000647359,16.6812242149915,1.7041492096133617,2997.190425009949,6608.181551719348,1.2939090446840826,0.75,791.1913986418947,305.26999633668726,300.1736864522487,59.06190759462593,14.577642069156225,23.952293675104816,617.373126552674,0.07509147130330457
8.36783747074459,16.886751219187072,1.7305950039438955,2995.6038538229495,6449.175108650356,1.3165645578944383,0.75,781.3192954530253,305.30900020941993,300.2009152332507,59.09959558335761,14.280308857308162,23.153186624241947,627.6906301796482,0.06734831427644478
8.885528075286608,17.090927190374256,1.7559257306525502,2994.0783786015795,6297.019907337174,1.3390711449513228,0.75,770.3643473222588,303.6052965492294,300.22649732496984,59.134982848552504,14.002771523190882,22.389579394119636,638.1885249039934,0.05970957006054834
9.401441814273412,17.293752128553034,1.7802373599113064,2992.6093656617004,6151.3085910133905,1.361428805854736,0.75,761.6660281763018,304.22533091170106,300.2505582962681,59.168246084958454,13.72322091793802,21.65950920854607,648.8660190420238,0.05216803295438864
9.915578687704995,17.495226033723423,1.8036255202215143,2991.1919872413964,6011.659266080343,1.3836375406046775,0.75,753.0946945658538,304.605416969112,300.2732118814212,59.199545681495586,13.454678327902254,20.960857653101854,659.7314570888083,0.04472717215020979
10.427938695581368,17.695348905885407,1.8261598817045974,2989.8228149680363,5877.727589977888,1.4056973492011469,0.75,744.7108258756102,304.8389365129873,300.2945613174469,59.229027080292916,13.196156680878687,20.29168933983486,670.7930390241594,0.03738390460770291
10.938521837902524,17.894120745039,1.847905116557072,2988.49858842563,5749.193098278391,1.4276082316441452,0.75,736.5613494902248,305.0006150954406,300.3147005049206,59.2568224454961,12.946822031843524,19.650231305441384,682.0588798900907,0.030135506439658323
11.447328114668462,18.091541551184193,1.8689179983130126,2987.2164161033043,5625.759076097771,1.4493701879336718,0.75,728.6550163991515,305.11760662216074,300.3337150152137,59.283052114479474,12.706122293309722,19.034851529297526,693.5371988581517,0.022979550982288283
11.954357525879189,18.287611324320995,1.8892483039973995,2985.9737414268407,5507.150452827183,1.470983218069728,0.75,720.9912794249238,305.2046397162744,300.3516829707903,59.30782585908699,12.473599191259483,18.444043961107848,705.2363857880667,0.015913776425801614
12.4596100715347,18.482330064449403,1.9089402845801555,2984.768269599398,5393.11155554712,1.492447322052313,0.75,713.5657327665035,305.27077788712296,300.36867581734623,59.331243989787204,12.248848646381417,17.8764160351961,717.1650445173306,0.00893604577311323
12.963085751634992,18.675697771569403,1.9280334294835144,2983.5979340039385,5283.404383739745,1.513762499881425,0.75,797.3380147608605,412.3081733834145,300.24713862729635,59.353398325756196,11.550895241323378,17.485308075173236,722.8822264898446,0.0020443257717742054
13.464784566180073,18.867714445681013,1.9465631711468088,2982.4608636631424,5177.807041491468,1.5349287515570662,0.75,791.5364686595426,413.39700999870684,300.0612244255005,59.37455783903397,11.344183759825073,17.172829122156077,725.8861467429173,-0.004511184517372928
13.964706515169937,19.058380086784226,1.9645601152217778,2981.3554392250035,5076.113011735344,1.5559460770792362,0.75,785.8913661051591,414.4105744931219,299.87288436699816,59.39485871219334,11.144423748361119,16.87241663768259,728.8308458743552,-0.010989254117886923
14.462851598604585,19.24769469487904,1.9820563342134139,2980.2799133330664,4978.12705529272,1.5768144764479342,0.75,780.3966783987819,415.35340338840746,299.6823217898028,59.41435215603081,10.951298250311233,16.58341444794608,731.7184819552002,-0.017391628759449877
14.95921981648402,19.43565826996546,1.9990762109233389,2979.232978934267,4883.6688250809675,1.5975339496631618,0.75,775.0469118379891,416.2297524861252,299.4897267540673,59.43308545674688,10.764514780555917,16.305212748496203,734.5510971663865,-0.023719985223514154
15.45381116880824,19.622270812043485,2.015643814881407,2978.213320996973,4792.568385017205,1.6181044967249172,0.75,769.836740838856,417.0435481629159,299.29527702252307,59.451102339661674,10.583795780278203,16.037244120024994,737.3306253716111,-0.02997593857546369
15.946625655577245,19.80753232111311,2.031781185140348,2977.2197259139375,4704.666312610235,1.6385261176332009,0.75,764.7610926537495,417.7984393223199,299.0991389293756,59.4684432936793,10.408879599942889,15.77897993451952,740.058899596772,-0.03616104466691159
16.437663276791035,19.991442797174344,2.0475085678997296,2976.25107023428,4619.812893027278,1.658798812388014,0.75,759.8151334312702,418.49782285088554,298.9014681816909,59.48514586129794,10.239519317411538,15.529927119502956,742.7376588803318,-0.042276803529828134
16.9269240324496,20.174002240227175,2.062844618777892,2975.3063110351377,4537.86738943273,1.6789225809893553,0.75,754.9942551659065,419.14486607612884,298.70241059885825,59.50124489832166,10.075481672693327,15.289625239536102,745.3685545566356,-0.04832466247342041
17.41440792255296,20.355210650271612,2.0778065760392,2974.384477642207,4458.697380598955,1.698897423437225,0.75,750.2940634188667,419.742526615105,298.5021027882492,59.5167728068713,9.91654610411285,15.057643860570186,747.9531559678943,-0.054306018920268866
17.900114947101105,20.535068027307652,2.0924104097865914,2973.484664468244,4382.178158124498,1.7187233397316235,0.75,745.7103659560444,420.29357021700156,298.3006728026243,59.53175974481633,9.762503872171285,14.83358015905262,750.4929559992114,-0.06022222301249379
18.38404510609403,20.713574371335294,2.1066709511315005,2972.60602478459,4308.192176683917,1.73840032987255,0.75,741.2391617326348,420.8005863088959,298.09824068469885,59.54623381433564,9.613157262712166,14.617056765471647,752.9893756446779,-0.06607458001393811
18.866198399531747,20.890729682354547,2.1206020045786023,2971.747765276479,4236.628551631195,1.7579283938600063,0.75,736.8766308391811,421.26600226006593,297.89491902964187,59.560221231983604,9.468318857373456,14.40771979662302,755.4437687140103,-0.07186435253110253
19.346574827414244,21.066533960365394,2.134216446256381,2970.9091412607618,4167.382599025039,1.7773075316939897,0.75,732.6191249190449,421.6920960632468,297.6908134838462,59.57374648231646,9.327810865673943,14.205237070286985,757.8574259968156,-0.07759276257182054
19.825174389741527,21.24098720536785,2.147526310146026,2970.089452466766,4100.355413770371,1.7965377433745024,0.75,728.463158021441,422.0810076188108,297.48602318161045,59.58683245689159,9.191464512078905,14.009296483698636,760.2315788927633,-0.08326099345799778
20.30199708651359,21.414089417361907,2.160542864080743,2969.2880392984475,4035.4534820995036,1.815619028901544,0.75,724.405398307038,422.4347492905875,297.2806412141544,59.59950058022906,9.059119470493513,13.819604524570252,762.5674033297166,-0.08887019160755107
20.777042917730444,21.58584059634757,2.1732766769831255,2968.5042795100217,3972.588325066285,1.834551388275114,0.75,720.4426598867572,422.7552150819243,297.07475499529585,59.611770924119384,8.930623344144985,13.635884922789318,764.8660227954756,-0.09442146819723561
21.25031188339208,21.756240742324835,2.1857390619947004,2967.737500135885,3911.6756051772672,1.8533348214952121,0.75,716.5718308069163,423.04416974269355,296.86844666954795,59.62366231151557,8.805829831926681,13.45787741778318,767.1285111235774,-0.09991590071791077
21.7218039834985,21.9252898552937,2.197932741988807,2966.9875522573498,3852.6386454546578,1.8719693285618386,0.75,712.7903031353683,423.3033885872041,296.6617932676248,59.635192411091374,8.684607436444924,13.285336591051733,769.355897319842,-0.10535453363744139
22.19151921804971,22.092987935254172,2.2098764252327516,2966.2532999796754,3795.3981755461814,1.8904549094749943,0.75,709.0948246177697,423.53431930753055,296.45486740558,59.646377823389486,8.566815159307176,13.11803090001315,771.5491640941912,-0.11073838435797384
22.6594575870457,22.259334982206248,2.22157350976774,2965.534545787552,3739.8848166393054,1.9087915642346784,0.75,705.4829507827442,423.73852928341336,296.2477372374725,59.657234159496745,8.452332644979924,12.955741660196265,773.7092540042249,-0.11606843503221063
23.125619090486474,22.424330996149926,2.2330319148080036,2964.830811135271,3686.030783426693,1.9269792928408909,0.75,701.9521175647778,423.9174334427373,296.04046684309657,59.66777611288197,8.341040523661215,12.798262192082184,775.8370704924752,-0.12134564226727226
23.590003728372032,22.587975977085208,2.2442591197610224,2964.1416419832976,3633.7717015973003,1.945018095293632,0.75,698.4998684369241,424.072369681273,295.83311648221536,59.67801752513804,8.232824962669532,12.645397015792813,777.9334800207791,-0.12657093540824765
24.052611500702383,22.750269925012095,2.255262199075047,2963.4666069699106,3583.046400058723,1.9629079715929019,0.75,695.1238489366958,424.2046038276897,295.62574283421293,59.68797144620294,8.127577353270183,12.496961109077901,779.9993140880314,-0.1317452176261438
24.513442407477513,22.911212839930585,2.2660478534416306,2962.8052957692803,3533.796718241738,1.9806489217387004,0.75,691.8218014567092,424.3153341439452,295.4183992052925,59.69765018958884,8.025194019382917,12.352779225658413,782.0353709651139,-0.13686936694504026
24.972496448697424,23.070804721840673,2.2766224378075153,2962.157317612935,3485.9673271972124,1.998240945731027,0.75,688.5915605098708,424.40569566001494,295.2111357574926,59.707065383093564,7.925575945495675,12.212685260850554,784.0424176480362,-0.14194423721272312
25.429773624362127,23.22904557074237,2.2869919865879,2961.52229995471,3439.5055633242187,2.015684043569882,0.75,685.4310480951833,424.4767639817024,295.00399968190067,59.7162280154126,7.8286285234044275,12.076521671500998,786.0211913110473,-0.1469706590191537
25.885273934471606,23.385935386635666,2.2971622364198248,2960.8998872619327,3394.361273682105,2.0329782152552665,0.75,682.3382694396555,424.52955893184276,294.7970353828973,59.72514847903471,7.734261315234383,11.944138936228962,787.9724008758309,-0.15194944056684256
26.338997379025876,23.54147416952057,2.3071386467489576,2960.2897399179074,3350.4866719404026,2.0501234607871788,0.75,679.3113089796387,424.56504791823204,294.59028464842874,59.733836609757276,7.642387831842201,11.81539505607593,789.896728466518,-0.1568813684966591
26.790943958024933,23.695661919397075,2.3169251177044226,2959.691612697406,3307.836670944478,2.0671197801656196,0.75,676.3483840966824,424.58416863274124,294.3837867615598,59.742301723126154,7.552926463918234,11.690155089948425,791.7948309040326,-0.16176720867178926
27.241113671468774,23.848498636265187,2.3265305154530367,2959.1049562140715,3266.366421727625,2.0839671733905902,0.75,673.447553481079,424.5877337524049,294.177578790938,59.75055264807239,7.465794591860222,11.568290740037279,793.6673400037581,-0.16660770762174384
27.689506519357398,23.999984320124902,2.3359556593724786,2958.5297120727646,3226.0358721139432,2.100665640462088,0.75,670.6072904360773,424.57663027561875,293.97169552671335,59.7585977580034,7.380919804813756,11.449679930250904,795.5148653453645,-0.17140359045599488
28.1361225016908,24.150118970976216,2.345206380619185,2957.965515132545,3186.804976109062,2.1172151813801148,0.75,667.8259022909963,424.55162515139864,293.7661697363596,59.766444999544525,7.298228314187929,11.33420645315122,797.3379942619246,-0.17615556573772254
28.580961618468997,24.29890258881914,2.3542870007111674,2957.4120920307687,3148.635936680596,2.1336157961446713,0.75,665.1018166032358,424.51346622879163,293.56103225271886,59.774101919159385,7.217650511233324,11.221759621867438,799.137293167715,-0.18086432332400884
29.024023869691973,24.446335173653658,2.3631991694120114,2956.869331719691,3111.493489167077,2.1498674847557537,0.75,662.4336283299027,424.46290324957573,293.3563120837222,59.781575687815426,7.139121752409809,11.112233934988444,800.9133096296521,-0.1855305356835907
29.46530925535974,24.592416725479787,2.371953685946124,2956.336565846122,3075.3407720138975,2.1659702472133673,0.75,659.8195837316105,424.40050677430816,293.1520365083671,59.78887312385183,7.062572308719068,11.005528837881473,802.6665690268991,-0.19015485977767044
29.90481777547228,24.737147244297518,2.3805486887982616,2955.813896718544,3040.146712195721,2.181924083517508,0.75,657.258526302117,424.3270078964064,292.94823122803956,59.796000714246034,6.987945552171319,10.901548359419031,804.3975815366869,-0.19473793276068113
30.342549430029614,24.88052673010685,2.3889873513113398,2955.301119650066,3005.879870139644,2.1977289936681776,0.75,654.7491246357838,424.2430269016828,292.744920344901,59.80296463431997,6.915182932023031,10.800200901476263,806.1068394974628,-0.19928037903238804
30.77850421903174,25.022555182907787,2.3972772259142374,2954.797763983496,2972.5086658095693,2.213384977665376,0.75,652.2899031137306,424.1490841293961,292.54212661816257,59.809770766095234,6.844224569530033,10.701399000636261,807.7948178721105,-0.20378280802390353
31.212682142478634,25.163232602700326,2.4054176458338006,2954.3038582619233,2940.00549338884,2.2288920355091024,0.75,649.8797797194356,424.04579805235466,292.3398713502108,59.81642471537825,6.7750194500124294,10.605059080115259,809.4619766087126,-0.20824581237988754
31.645083200370323,25.302558989484474,2.4134127543926085,2953.819138773338,2908.3423217166305,2.244250167199358,0.75,647.5175055630186,423.93368401269333,292.13817458199605,59.82293182766107,6.707514646509758,10.511101251890748,811.1087603315361,-0.21266997256314707
32.07570739270679,25.440534343260218,2.421270387520632,2953.3431183938824,2877.491065238825,2.2594593727361416,0.75,645.2017143693463,423.8131721230663,291.9370552570603,59.829297202951686,6.6416562673884,10.419449128078092,812.7355982644198,-0.21705585477182332
32.504554719488056,25.57715866402757,2.428986579725252,2952.876025058827,2847.4285114664335,2.274519652119454,0.75,642.9315756534229,423.6848528154036,291.7365310070773,59.83552570961459,6.57740168514058,10.330029606163764,814.342907126233,-0.22140400947528147
32.93162518071409,25.712431951786527,2.4365675895514545,2952.4174673138764,2818.129157971836,2.2894310053492952,0.75,640.7058610033682,423.5491315845165,291.53661846419783,59.84162199727556,6.514701882565553,10.242772721661051,815.9310896988625,-0.22571497768529916
33.356918776384916,25.84635420653708,2.4440157480511338,2951.967291741439,2789.5697315662187,2.3041934324256648,0.75,638.5235415846901,423.40645288074643,291.3373332287603,59.84759050889331,6.453512661118309,10.157611475628073,817.500536127635,-0.229989286169078
33.78043550650053,25.978925428279247,2.4513337042369985,2951.525325784696,2761.727772840303,2.318806933348563,0.75,636.3836072014925,423.2572344590771,291.1386899354922,59.85343549204095,6.393791182272462,10.074481682993408,819.0516243659692,-0.23422744974495605
34.202175371060925,26.110145617013007,2.458524009970968,2951.091402900191,2734.5817254639023,2.3332715081179902,0.75,634.285082524352,423.10187501971745,290.94070230634344,59.85916100946187,6.335496225139037,9.99332182915616,820.5847206744899,-0.23842997143916786
34.62213837006611,26.240014772738377,2.4655891246055526,2950.6653622892723,2708.1108932072057,2.347587156733945,0.75,632.2270256582854,422.940755169633,290.7433832002592,59.86477094895317,6.278588114659569,9.914072935261355,822.1001800947314,-0.24259734283792725
35.04032450351607,26.368532895455346,2.4725314193377583,2950.2470486451366,2682.295399368562,2.3617538791964288,0.75,630.2085267810787,422.77423832928537,290.54674466008623,59.8702690326258,6.223028653553801,9.836678431547456,823.5983468989562,-0.2467300444259194
35.456733771410825,26.495699985163924,2.479353181297144,2949.8363119143623,2657.1161484548943,2.375771675505441,0.75,628.2287068480816,422.60267158817146,290.3507979567981,59.875658825586456,6.168781057797307,9.761084038209704,825.0795550175336,-0.2508285459117993
35.87136617375035,26.6215160418641,2.4860566173876903,2949.433007071923,2632.554789972047,2.3896405456609817,0.75,626.2867163598037,422.4263865124709,290.15555363120507,59.88094374408273,6.115809895419983,9.687237653266655,826.5441284451973,-0.2548933065414194
36.28422171053467,26.74598106555588,2.49264385790151,2949.036993908734,2608.5936841925322,2.4033604896630516,0.75,624.3817341888728,422.2456999078667,289.96102153330736,59.88612706314958,6.064081028430182,9.615089246956641,827.9923816274212,-0.2589247753991453
36.695300381763786,26.869095056239267,2.4991169599209027,2948.648136830889,2585.215869777538,2.416931507511649,0.75,622.5129664631315,422.0609145403847,289.7672108594396,59.891211923792184,6.0135615576824035,9.544590762226951,829.4246198280805,-0.2629233916981994
37.10460218743767,26.99085801391426,2.5054779105238114,2948.266304669781,2562.4050331387066,2.430353599206777,0.75,620.6796455018275,421.87231981787846,289.57413018734263,59.89620133973749,5.964219770518471,9.475696020911757,830.841139479465,-0.2668895850600003
37.51212712755635,27.111269938580854,2.511728629806561,2947.8913705024033,2540.1454794331908,2.443626764748432,0.75,618.8810288020518,421.6801924346085,289.3817875092881,59.90109820378404,5.9160250910232985,9.40836063522499,832.2422285156575,-0.27082377578347416
37.9178752021198,27.230330830239044,2.5178709737365117,2947.5232114811374,2518.422105092804,2.4567510041366156,0.75,617.1163980727331,421.48479698117956,289.1901902633781,59.90590529377787,5.868948032746608,9.342541924222171,833.6281666902146,-0.27472637510462977
38.32184641112804,27.348040688888844,2.5239067368463184,2947.1617086724395,2497.220371794925,2.4697263173713275,0.75,615.385058313673,421.2863865219515,288.9993453631273,59.91062527823938,5.8229601537516436,9.278198834910658,834.9992258790288,-0.27859778544668296
38.724040754581075,27.46439951453025,2.529837654780457,2946.806746903833,2476.5262817890602,2.482552704452569,0.75,613.6863369372395,421.08520314188166,288.8092592254328,59.91526072166485,5.778034013860735,9.215291867711198,836.3556703691936,-0.2824384006612814
39.12445823247888,27.57940730716325,2.535665406703857,2946.458214618706,2456.326354498813,2.4952301653803377,0.75,612.0195829304974,420.88147846463426,288.6199377970281,59.91981408952418,5.734143133975894,9.153783005995082,837.6977571346403,-0.2862486062613223
39.52309884482149,27.693064066787862,2.541391617581716,2946.116003738413,2436.607604324277,2.5077587001546364,0.75,610.3841660556593,420.6754341436555,288.43138657951056,59.92428775297481,5.691261957360115,9.093635649440925,839.0257360992719,-0.29002877964540297
39.919962591608865,27.80536979340408,2.547017860338797,2945.780009531245,2417.3575195749872,2.5201383087754636,0.75,608.7794760868865,420.4672823278039,288.243610653028,59.928683993310386,5.649365812772477,9.034814550973564,840.3398503882547,-0.2937792903147371
40.31504947284104,27.91632448701189,2.552545657905935,2945.450130487852,2398.564042468024,2.532368991242818,0.75,607.2049220815745,420.2572261030262,288.0566146987013,59.933005006161274,5.608430879356449,8.977285757063862,841.6403365681155,-0.2975005000822513
40.708359488517985,28.025928147611314,2.5579764851608386,2945.1262682027264,2380.2155501302086,2.5444507475567018,0.75,605.6599316843617,420.0454599114563,287.87040301985917,59.93725290546293,5.568434153187163,8.921016551183941,842.9274248762308,-0.30119276327475636
41.09989263863973,28.13418077520234,2.563311770769748,2944.8083272614053,2362.3008365472774,2.5563835777171144,0.75,604.1439504622099,419.83216994923816,287.6849795621521,59.94142972720678,5.529353415389151,8.865975400226594,844.2013394402662,-0.30485642692820636
41.489648923206246,28.241082369784966,2.568552898936024,2944.4962151330565,2344.8090954065615,2.5681674817240556,0.75,602.6564412689944,419.61753454428447,287.5003479326109,59.94553743298746,5.491167201741297,8.812131903710641,845.4622984880863,-0.30849183097621585
41.877628342217555,28.346632931359196,2.573701211061308,2944.1898420681287,2327.7299037831403,2.5798024595775244,0.75,601.1968836381261,419.40172451509795,287.31651141771124,59.949577913358894,5.4538547736908445,8.759456745606183,846.7105145486294,-0.31209930843247075
42.26383089567364,28.450832459925028,2.5787580073244523,2943.8891210008005,2311.0532066225833,2.5912885112775226,0.75,599.7647732018253,419.18490351172886,287.1334730004987,59.95355299101132,5.417396090702893,8.707921648624893,847.9461946442111,-0.31567918556679614
42.64825658357452,28.553680955482463,2.58372454818307,2943.593967455951,2294.7693019763533,2.602625636824049,0.75,598.3596211357244,418.9672283398499,286.95123537682986,59.95746442378011,5.381771783876236,8.657499330831007,849.169540474687,-0.3192317820757473
43.03090540592019,28.655178418031507,2.588602055802204,2943.3042994604025,2278.8688269486775,2.613813836217105,0.75,596.9809536275735,418.748849268895,286.76980097077944,59.9613139074966,5.346963130760355,8.608163464437954,850.3807485938864,-0.3227574112472361
43.41177736271062,28.755324847572147,2.5933917154143056,2943.0200374582096,2263.342744316244,2.624853109456688,0.75,595.6283113688667,418.52991032512335,286.5891719492559,59.96510307869067,5.312952031312299,8.55988863666488,851.5800105787021,-0.3262563801200417
43.79087245394586,28.854120244104397,2.5980946766144246,2942.7411042297704,2248.182329784447,2.6357434565428,0.75,594.3012490682925,418.3105495704398,286.4093502358765,59.968833517153605,5.27972098493558,8.512650312535133,852.7675131911961,-0.3297289896380942
44.16819067962587,28.95156460762825,2.6027120545942144,2942.467424814565,2233.3791598461435,2.646484877475441,0.75,592.9993349859612,418.0908993677368,286.23033752413767,59.97250674836999,5.247253068546732,8.466424799506711,853.9434385340742,-0.3331755347995805
44.54373203975067,29.0476579381437,2.6072449313181996,2942.198926437334,2218.9251002109145,2.65707737225461,0.75,591.722150487423,417.8710866334869,286.0521352899211,59.976124245825886,5.215531915618083,8.42118921383169,855.1079641998343,-0.33659630480163016
44.91749653432026,29.14240023565076,2.61169435664541,2941.9355384374962,2204.8122947747706,2.6675209408803084,0.75,590.4692896165357,417.65123307825684,285.8747448033726,59.979687433200915,5.184541696148364,8.376921448548133,856.2612634139083,-0.33999158318012057
45.28948416333463,29.23579150014942,2.616061349399386,2941.677192201678,2191.033155102044,2.6778155833525346,0.75,589.2403586863121,417.4314554357976,285.69816714018714,59.98319768645075,5.154267097515434,8.333600143014182,857.4035051720831,-0.34336164794523966
45.65969492679378,29.327831731639687,2.620346898389295,2941.4238210991566,2177.5803503928505,2.68796129967129,0.75,588.0349758868972,417.2118656812993,285.5224031923342,59.98665633578636,5.124693306167937,8.291204653899717,858.5348543724631,-0.34670677171257536
46.02812882469773,29.418520930121552,2.624551963384779,2941.175360420105,2164.446797911133,2.6979580898365736,0.75,586.8527709098914,416.99257123938384,285.3474536782494,59.99006466755595,5.095805990115228,8.249715027556261,859.6554719422389,-0.3500272218303541
46.39478585704645,29.507859095595027,2.6286774760469225,2940.9317473164724,2151.625653849698,2.707805953848386,0.75,585.6933845882672,416.7736751823683,285.17331915252635,59.99342392603509,5.067591282176966,8.209111973690652,860.7655149595016,-0.3533232605025245
46.759666023839955,29.5958462280601,2.6327243408176666,2940.692920745393,2139.1103046100934,2.7175048917067266,0.75,584.5564685511736,416.5552764193028,285.00000001513206,59.996735315130174,5.040035763956122,8.169376840272585,861.8651367703383,-0.35659514490821265
