N2O_sat_1D,psat,rhoL,rhoV,hL,hV,uL,uV,cpL,cpV,muL,muV,kL,kV
182.83,90575.6208715172,1235.8877530577086,2.6870612431862715,-3190.8877745193113,373172.38418246567,-3264.1756767963784,339464.32445688656,1717.9907044510903,796.9264285986576,0.0003178707982133027,9.095877184821514e-06,0.20622283125743965,0.00878135445186509
183.4641206030151,94145.32622253791,1234.0295362864965,2.7852714341401126,-2099.739615828796,373553.0409276965,-2176.0305987057905,339751.9093508167,1718.3227837607863,799.3093994113628,0.00031418641685142625,9.130136346530765e-06,0.20543335726756773,0.008824805835048816
184.09824120603017,97825.54511588386,1232.1683249656696,2.8862556099350147,-1008.3276641690504,373932.20755411295,-1087.7206684638243,340038.62419330305,1718.682903416762,801.7207972474765,0.0003105685962974207,9.164449525323243e-06,0.20464477491381536,0.00886842428270864
184.73236180904524,101618.65751031887,1230.3040731850851,2.990067387991941,83.3664745067392,374309.8609812182,0.7700987609917358,340324.45385682315,1719.0710759299134,804.1606789770431,0.0003070157637890082,9.198817425834463e-06,0.20385708243097844,0.008912211174994604
185.36648241206032,105527.06719752641,1228.4367347572263,3.0967609128400624,1175.36119204571,374685.9781266704,1089.4576495906877,340609.3832045029,1719.4873196396081,806.6291011571179,0.00030352638871466276,9.233240762305559e-06,0.20307027726000365,0.0089561679260183
186.0006030150754,109553.20155791166,1226.5662632086649,3.206390858372945,2267.674880914686,375060.53590416204,2178.357895078696,340893.3970876961,1719.931658776318,809.1261203919707,0.00030009898135917665,9.267720258690998e-06,0.20228435623695046,0.009000295984860497
186.63472361809048,113699.51131053768,1224.6926117713867,3.3190124303675854,3360.3259370370797,375433.51122105506,3267.486713367653,341176.4803433766,1720.4041235271654,811.6517936991653,0.00029673209168992363,9.302256648774288e-06,0.2014993157330121,0.00904459683660566
187.26884422110555,117968.47026386364,1222.815733373981,3.4346813692744935,4453.3327626485025,375804.8809757761,4356.859952359771,341458.6177913466,1720.904750104495,814.2061788811617,0.00029342430818244704,9.336850676292025e-06,0.20071515176015936,0.009089072003404232
187.9029648241206,122362.57506045098,1220.9355806326828,3.553453953286675,5546.713769174204,376174.62205497996,5446.493432408325,341739.7942312688,1721.4335808175663,816.7893349021347,0.0002901742566839047,9.37150309506627e-06,0.19993186005211305,0.00913372304556322
188.53708542713568,126884.34492460995,1219.0521058422694,3.675387001695948,6640.487380128001,376542.7113304829,6536.402949022456,342019.99443952495,1721.9906641474452,819.4013222697057,0.00028698059931311215,9.406214669145759e-06,0.19914943612729855,0.009178551562666021
189.17120603015076,131536.32139688497,1217.1652609667935,3.800537878543305,7734.67203402911,376909.12565597723,7626.604275594726,342299.20316590753,1722.5760548252488,822.0422034212779,0.0002838420333958248,9.440986172955878e-06,0.198367875338404,0.009223559194722075
189.80532663316583,136321.0680831354,1215.274997630166,3.9289644965741117,8829.286187356875,377273.84186352463,8717.113166148532,342577.40513014625,1723.189813913762,824.7120431147916,0.0002807572904340811,9.47581839145791e-06,0.19758717291185562,0.00926874762334735
190.4394472361809,141241.1703858155,1213.3812671065602,4.060725321502937,9924.348317515538,377636.8367598421,9807.945358103925,342854.5850182784,1723.8320088926591,827.4109088235726,0.0002777251351083842,9.510712120317566e-06,0.19680732397958495,0.009314118572976319
191.073567839196,146299.23524430464,1211.4840203106519,4.1958793765991675,11019.876925839346,377998.08712237794,10899.116575069891,343130.7274788626,1724.5027137473446,830.1388711351455,0.00027474436431157353,9.54566816608313e-06,0.19602832360483657,0.009359673812106393
191.70768844221107,151497.8908709647,1209.583207787675,4.334486247600167,12115.890540621778,378357.56969518884,11990.642529657693,343405.817119045,1725.202009061594,832.8960041537783,0.00027181380621332476,9.580687346373504e-06,0.19525016680333485,0.00940541515457566
192.34180904522614,156839.78648181775,1207.6787797032885,4.476606087960446,13212.407720174213,378715.2611846198,13082.538926321306,343679.8385004784,1725.9299821141274,835.6823859066096,0.00026893231935415244,9.615770490076279e-06,0.1944728485607687,0.009451344460874854
192.97592964824122,162327.59203728044,1205.7706858332585,4.6222996244468595,14309.447055924596,379071.13825479144,14174.821464222554,343952.77613510075,1726.686726979198,838.4980987532518,0.0002660987917679734,9.650918437556182e-06,0.19369636384736774,0.009497463639494559
193.6100502512563,167963.9979683626,1203.8588755529306,4.771628163085971,15407.027175540701,379425.1775229021,15267.505840125687,344224.614480776,1727.472344631424,841.3432297987018,0.0002633121401321692,9.686132040874125e-06,0.19292070763012492,0.009543774648308587
194.24417085427137,173751.7149159596,1201.9432978265033,4.924653595475347,16505.16674610009,379777.3555543454,16360.607751320424,344495.33793680137,1728.286943054919,844.2178713095519,0.0002605713089442832,9.721412164017096e-06,0.19214587488313717,0.009590279495994579
194.87829145728645,179693.473460183,1200.0239011960812,5.08143840546514,17603.884477288822,380127.64885765023,17454.142898574362,344764.9308392838,1729.1306373569548,847.1221211333788,0.0002578752697243662,9.756759683139186e-06,0.19137186059639305,0.009636980243492951
195.51241206030153,185792.02385483545,1198.1006337705076,5.242045676221027,18703.199124647235,380476.0338792459,18548.12698912041,345033.37745639106,1730.0035498862687,850.0560831213296,0.0002552230202421432,9.79217548681405e-06,0.1905986597833041,0.009683879005505278
196.14653266331658,192050.13576221588,1196.1734432139706,5.406539097676906,19803.1294928549,380822.4869980562,19642.575739674925,345300.6619834773,1730.905810356201,853.0198675538874,0.00025261358376816163,9.827660476299025e-06,0.18982626748720177,0.009730977952033251
196.78065326633165,198470.59798301305,1194.2422767343596,5.574982974386811,20903.694439058578,381166.98451992625,20737.504879494725,345566.76853809,1731.8375559728688,856.0135915698319,0.00025004600834804407,9.863215565811258e-06,0.18905467878695834,0.009778279309959472
197.41477386934673,205056.21819632317,1192.3070810713903,5.747442233786856,22004.9128762493,381509.5026718849,21832.930153466117,345831.6811548571,1732.7989315684852,859.0373795984884,0.0002475193660991689,9.898841682816103e-06,0.18828388880191357,0.009825785364671338
198.0488944723618,211809.8226912307,1190.3678024844605,5.923982434876027,23106.803776685294,381850.0175962451,22928.867325237974,346095.38378025964,1733.7900897401223,862.0913637953159,0.00024503275252890964,9.934539768328175e-06,0.18751389269618546,0.00987349846172937
198.6830150753769,218734.2561055586,1188.424386740247,6.104669777326709,24209.386175366035,382188.5053445466,24025.332180390782,346357.86026729096,1734.811190994027,865.1756844809604,0.0002425852858738022,9.970310777225253e-06,0.18674468568249195,0.009921421008581267
199.31713567839196,225832.38116182954,1186.4767791000265,6.2895711110356505,25312.679173558856,382524.94187134143,25122.340529651192,346619.09437000495,1735.8624038957703,868.2904905839265,0.00024017610645886924,1.00061556785755e-05,0.18597626302554499,0.00996955547632326
199.95125628140704,233107.07840917064,1184.5249243067128,6.47875394612629,26416.701942383042,382859.30302782427,26219.908212149294,346879.0697379528,1736.9439052264033,871.435940087043,0.0002378043760764756,1.0042075455978284e-05,0.18520862004509295,0.010017904401510184
200.58537688442212,240561.24596344435,1182.5687665715996,6.672286463413131,27521.473726448185,383191.5645553117,27318.05109872155,347137.7699105145,1738.0558801448892,874.6122004779087,0.0002354692773840374,1.0078071107918941e-05,0.18444175211866254,0.010066470388015863
201.2194974874372,248197.7992470547,1180.6082495607916,6.8702375253397685,28627.01384755231,383521.70207856834,28416.785095263487,347395.17831112095,1739.198522357052,877.8194492035592,0.00023317001331996012,1.011414364813789e-05,0.18367565468404315,0.01011525610894545
201.85361809045227,256019.6707389323,1178.643316381331,7.072676687404231,29733.341708448428,383849.6910989834,29516.12614613144,347651.2782413711,1740.3720342912538,881.0578741296653,0.00023090580653721296,1.0150294106014468e-05,0.1829103232415591,0.010164264308601461
202.48773869346735,264029.8097167895,1176.6739095669864,7.279674210080717,30840.476796669267,384175.5069875978,30616.0902375979,347906.05287504295,1741.576627281147,884.327674004477,0.00022867589885394786,1.0186523526965908e-05,0.18214575335615654,0.010213497804505286
203.12185929648243,272231.1820082352,1174.6999710637033,7.491301071253892,31948.438688424703,384499.12497798103,31716.6934013607,348159.4852520001,1742.8125217557103,887.6290589279329,0.00022647955072060128,1.0222832972861806e-05,0.1813819406593372,0.01026295948947605
203.7559798994975,280626.76974169555,1172.7214422147072,7.7076289791764685,33057.24705256845,384820.52015895996,32817.95171810972,348411.5582719923,1744.0799474369003,890.9622508262315,0.00022431604070292967,1.0259223522454628e-05,0.18061888085095296,0.010312652333768836
204.39010050251258,289219.57110116276,1170.7382637452374,7.9287303859654,34166.92165463983,385139.6674671961,33919.88132115322,348662.2546883503,1745.379143545221,894.3274839323094,0.00022218466498047777,1.029569627182659e-05,0.1798565697008983,0.010362579387274296
205.02422110552766,298012.6000816247,1168.7503757469012,8.154678501649622,35277.48236098299,385456.5416796149,35022.49840010839,348911.55710157595,1746.7103590135418,897.7250052726178,0.00022008473685994763,1.0332252334853454e-05,0.17909500305069823,0.010412743781781824
205.6583417085427,307008.8862506301,1166.7577176616423,8.385547308785217,36388.94914294413,385771.1174056808,36125.819204651605,349159.44795282296,1748.0738527094732,901.1550751607011,0.00021801558630299658,1.0368892843685708e-05,0.17833417681502042,0.010463148733308602
206.29246231155778,316211.4745087597,1164.7602282652922,8.621411577652264,37501.34208115621,386083.3690795215,37229.86004834359,349405.90951727214,1749.4698936667205,904.6179676980436,0.000215976559467997,1.040561894924762e-05,0.17757408698311855,0.010513797544496826
206.92658291457286,325623.42485775304,1162.7578456507083,8.862346882050197,38614.68136990854,386393.27095189615,38334.63731251882,349650.92389739415,1750.8987613256932,908.113971282756,0.00021396701826529191,1.044243182175475e-05,0.17681472962021855,0.010564693607081701
207.56070351758794,335247.81216758466,1160.75050721047,9.108429615707301,39728.98732160659,386700.79708200594,39440.167450251756,349894.47301610163,1752.3607457838941,911.6433891266435,0.00021198633992551853,1.0479332651250395e-05,0.17605610086885748,0.010615840404432711
208.19482412060302,345087.72594928724,1158.7381496191213,9.359737009322098,40844.280371328336,387005.9213291467,40546.4669903995,350136.5386097883,1753.8561480563562,915.206539781294,0.00021003391658057556,1.0516322648161634e-05,0.1752981969501826,0.010667241514171049
208.8289447236181,355146.27013339696,1156.7207088149414,9.616347148255327,41960.581081478944,387308.6173441956,41653.55254172258,350377.10222124873,1755.3852803466796,918.8037576738526,0.0002081091548568211,1.0553403043875517e-05,0.17454101416521894,0.010718900610865995
209.46306532663317,365426.56284622,1154.698119981226,9.878338990888547,43077.91014654712,387608.8585609343,42761.44079709311,350616.145192482,1756.94846632906,922.4353936531122,0.0002062114754801128,1.059057509133605e-05,0.17378454889611136,0.010770821468813307
210.09718592964825,375931.73619647935,1152.6703175270634,10.145792387672438,44196.288397967975,387906.6181871992,43870.148537784014,350853.6486573692,1758.5460414418058,926.1018155467538,0.00020434031289231114,1.062784006566264e-05,0.17302879760734677,0.010823007964898837
210.73130653266333,386664.9360600742,1150.637235067576,10.418788100881553,45315.73680909775,388201.8691958578,44979.69263785435,351089.5935342267,1760.1783531928581,929.8034087304221,0.00020249511487886854,1.0665199264790671e-05,0.1722737568469596,0.01087546408155069
211.3654271356784,397629.3218742201,1148.5988054036268,10.69740782509944,46436.276500304826,388494.58431560564,46090.090068625155,351323.9605182282,1761.8457614778206,933.5405767095361,0.00020067534220716163,1.0702654010134965e-05,0.17151942324772732,0.010928193909783447
211.99954773869348,408828.06643059716,1146.5549605009398,10.981734208454206,47557.92874417922,388784.73602157814,47201.35790325592,351556.7300736918,1763.548638911087,937.3137417146551,0.00019888046827521477,1.074020564727687e-05,0.17076579352835866,0.010981201652338258
212.63366834170856,420264.35567811254,1144.5056314686472,11.271850874629829,48680.71497087214,389072.2965257695,48313.51332142388,351787.88242622715,1765.287371170608,941.1233453113779,0.00019710997877048998,1.0777855546675766e-05,0.1700128644946782,0.011034491626922525
213.26778894472363,431941.3885250905,1142.4507485372092,11.567842445673579,49804.65677355933,389357.2377672584,49426.57361410746,352017.39755473845,1767.0623573569744,944.9698490256703,0.00019536337133841587,1.0815605104405751e-05,0.16926063304080877,0.011088068269553436
213.90190954773868,443862.3766492929,1140.390241035704,11.869794565629403,50929.77591404476,389639.5314022253,50540.55618848294,352245.25518327585,1768.874010367426,948.8537349857355,0.00019364015526035549,1.0853455742918553e-05,0.16850909615035736,0.011141936138009604
214.5360301507538,456030.5443112672,1138.3240373684475,12.177793925020096,52056.09432850794,389919.1487937622,51655.47857294022,352471.43477273145,1770.7227572854713,952.7755065814563,0.00019193985114069977,1.0891408911833388e-05,0.1677582508976026,0.011196099915395401
215.17015075376884,468449.1281719974,1136.2520649909288,12.49192828620614,53183.63413339216,390196.06100146164,52771.35842221381,352695.91551237204,1772.6090397868668,956.7356891425427,0.00019026199060281942,1.0929466088754746e-05,0.16700809444869255,0.011250564413822656
215.80427135678391,481121.37711730425,1134.174250385025,12.81228650965282,54312.41763145382,390470.2387707778,53888.21352264605,352918.6763112013,1774.5333145626892,960.7348306366539,0.0001886061159935692,1.0967628780119289e-05,0.1662586240628454,0.011305334578215023
216.438391959799,494050.55208454543,1132.0905190334697,13.138958581131503,55442.467317965704,390741.6525221541,55006.061797578215,353139.69578914635,1776.496053760333,964.7735023886773,0.00018697178009609286,1.1005898522072632e-05,0.16550983709356348,0.011360415490240042
217.07251256281407,507239.92589669285,1130.0007953935465,13.472035639890182,56573.80588709037,391010.27233990084,56124.921312880804,353358.9522680578,1778.497745443242,968.8522998225698,0.00018535854585066891,1.1044276881377287e-05,0.16476173098985897,0.011415812372374712
217.70663316582915,520692.78310080303,1127.9050028699723,13.811610007824331,57706.45623842692,391276.0679608214,57244.81028262755,353576.42376251775,1780.5388940703015,972.9718432271289,0.00018376598608332197,1.1082765456352906e-05,0.16401430329748948,0.011471530592110443
218.34075376884422,534412.4198099648,1125.8030637869388,14.157775219683128,58840.4414837361,391539.0087625686,58365.74707491798,353792.08797044534,1782.6200209958333,977.132778547192,0.00018219368324198248,1.1121365877849953e-05,0.16326755166020998,0.011527575666303608
218.9748743718593,548402.1435547983,1123.6948993592782,14.510626054348226,59975.78495385922,391799.0637517268,59487.75021785794,354005.9222634919,1784.741664991156,981.33577820184,0.00018064122913994115,1.116007981025816e-05,0.16252147382103924,0.01158395326567832
219.60899497487438,562665.2731355866,1121.5804296627166,14.870258567221219,61112.51020582707,392056.20155159966,60610.83840570054,354217.90367721306,1786.904382788804,985.5815419312175,0.0001791082247063736,1.1198908952551035e-05,0.1617760676235431,0.011640669219488371
220.24311557788945,577205.1384839019,1119.4595736031752,15.236770123761717,62250.64103018004,392310.3903897,61735.03050516031,354428.0089010117,1789.1087496504974,989.8707976737549,0.0001775942797437047,1.123785503936787e-05,0.16103133101313075,0.011697729520345715
220.87723618090453,592025.0805269787,1117.3322488850788,15.61025943421581,63390.201458497046,392561.59808492154,62860.34556190252,354636.2142678377,1791.3553599600302,994.2043024755693,0.00017609901269162586,1.1276919842134685e-05,0.1602872620383775,0.011755140329223214
221.5113567839196,607128.4510606237,1115.1983719786344,15.990826589581507,64531.21577115105,392809.7920343812,63986.80280721942,354842.4957436332,1793.6448278423386,998.5828434340527,0.00017462205039751216,1.1316105170225696e-05,0.15954385885235609,0.011812907980639931
222.1454773869347,622518.6126261447,1113.0578580860301,16.378573098853913,65673.70850529466,393054.939199917,65114.421664899324,355046.8289165123,1795.9777878100515,1003.007238677602,0.00017316302789308332,1.135541287216687e-05,0.1588011197139969,0.011871038988037569
222.77959798994976,638198.9383932443,1110.9106211065089,16.773601927600303,66817.70446308811,393297.0060942259,66243.22175829808,355249.1889856626,1798.3548954389337,1007.4783383836917,0.00017172158817707926,1.1394844836883341e-05,0.15805904298946102,0.011929540049357224
223.4137185929648,654172.8120506366,1108.7565736002707,17.176017537917176,67963.22872018405,393535.9587666235,67373.22291762411,355449.5507499528,1800.7768280736482,1011.9970258375915,0.0001702973820037792,1.1434402994992443e-05,0.15731762715353764,0.0119884180528263
224.04783919597992,670443.6277013668,1106.5956267511533,17.585925929819766,69110.30663447137,393771.76278841123,68504.44518744061,355647.8885962354,1803.2442855654674,1016.5642185340625,0.0001688900676771771,1.1474089320144269e-05,0.15657687079106306,0.012047680082965665
224.68195979899497,687014.7897652198,1104.427690328031,18.003434684121206,70258.96385509739,394004.3832378297,69636.9088344005,355844.1764873265,1805.7579910435284,1021.1808693246102,0.00016749931085063515,1.151390583041174e-05,0.15583677259836112,0.012107333426828005
225.31608040201004,703889.7128874527,1102.2526726448818,18.428653006862156,71409.22633178026,394233.7846845808,70770.63435522513,356038.3879496494,1808.3186917214125,1025.847967613004,0.00016612478433183336,1.1553854589732294e-05,0.1550973313847029,0.012167385580478966
225.95020100502512,721071.8218542896,1100.07048051946,18.86169177534997,72561.12032441808,394459.93117389706,71905.64248493112,356230.4960605234,1810.927159740907,1030.5665406018575,0.00016476616741832676,1.1593937709403397e-05,0.15435854581105407,0.01222784425573317
226.5843216080402,738564.5515144195,1097.881019230514,19.30266358587322,73714.67241301372,394682.7862101394,73041.95420532298,356420.4734350831,1813.5841930549195,1035.3376545932858,0.00016342314767161975,1.1634157349634162e-05,0.15362041547415672,0.012288717387158015
227.21844221105528,756371.3467088634,1095.6841924734795,19.75168280316346,74869.9095079305,394902.3127398952,74179.5907537634,356608.2922128056,1816.2906163516268,1040.162416346888,0.00016209541770207634,1.167451572115564e-05,0.15288293923444682,0.012350013139359137
227.85256281407035,774495.6622065149,1093.479902314584,20.208865611670745,76026.85886048934,395118.47313456197,75318.57363223127,356793.92404363176,1819.047282022095,1045.0419744983237,0.0001607826770847375,1.1715015086892195e-05,0.15214611636809322,0.012411739914561798
228.48668341708543,792940.9626467407,1091.2680491432848,20.67433006873377,77185.54807392356,395331.22917238204,76458.9246166811,356977.34007365647,1821.855071173748,1049.9775210421592,0.00015948463164765692,1.1755657763696886e-05,0.15140994627188817,0.012473906360503884
229.1208040201005,811710.7224901812,1089.0485316229658,21.148196159721927,78346.00511471152,395540.54201990936,77600.66576672073,357158.51093036967,1824.714894692149,1054.9702928827178,0.0001582009933053393,1.1796446124153543e-05,0.1506744284648514,0.012536521378656634
229.75492462311558,830808.4259764849,1086.8212466398134,21.630585855236482,79508.25832430267,395746.37221287657,78743.81943562145,357337.40670742374,1827.6276943538016,1060.0215734570272,0.00015693147989641283,1.1837382598448764e-05,0.14993956258986005,0.012599594132790708
230.38904522613066,850237.567089517,1084.5860892497844,22.12162317045555,80672.33643125137,395948.67963643523,79888.40828067217,357513.9969489046,1830.5944439928026,1065.1326944340597,0.00015567581502538556,1.1878469676316821e-05,0.14920534841529695,0.012663134057905789
231.02316582914574,870001.6495303062,1082.3429526235727,22.621434226719703,81838.26856378432,396147.42350474047,81034.45527390107,357688.25063308334,1833.6161507243683,1070.3050374948693,0.00015443372790837858,1.1919709909061043e-05,0.1484717858367311,0.012727150869543487
231.6572864321608,890104.1866972588,1080.0917279894854,23.13014731545791,83006.08426281724,396342.5623398415,82181.9837131777,357860.1361556176,1836.6938562284442,1075.5400361984846,0.00015320495322268069,1.1961105911655176e-05,0.1477388748786182,0.012791654573504363
232.2914070351759,910548.7016765625,1077.8323045741256,23.647892964555126,84175.81349544603,396534.0539498526,83331.01723371555,358029.62131218024,1839.8286380968188,1080.8391779386309,0.00015198923096001936,1.2002660364928485e-05,0.14700661569603002,0.012856655475991172
232.92552763819094,931338.7272375944,1075.5645695407738,24.174804007274368,85347.48666892719,396721.8554063605,84481.57981999179,358196.6732804821,1843.02161124745,1086.2040059968253,0.00015078630628340874,1.2044376017838611e-05,0.14627500857640394,0.01292216419420189
233.55964824120605,952477.8058395288,1073.2884079253588,24.711015653846875,86521.1346451833,396905.9230210394,85633.69581811104,358361.2586016626,1846.2739294098083,1091.6361216976136,0.00014959592938747104,1.2086255689836414e-05,0.14554405394132408,0.012988191667397626
234.1937688442211,973969.489644534,1071.0037025698944,25.256665565857737,87696.78875584694,397086.2123214229,86787.38994862764,358523.34316100966,1849.5867866854896,1097.1371866722611,0.00014841785536209983,1.2128302273327252e-05,0.14481375234832317,0.013054749168472178
234.82788944723617,995817.3405412869,1068.7103340532678,25.811893933551858,88874.4808178796,397262.6780258023,87942.68731985617,358682.8921679822,1852.9614191884784,1102.7089252374262,0.0001472518440593656,1.217051873623348e-05,0.14408410449271225,0.013121848316051567
235.46201005025125,1018024.9301760321,1066.4081806192319,26.376843556199606,90054.24314978457,397435.27401719947,89099.61344168827,358839.87013549375,1856.3991067698205,1108.3531268959434,0.00014609765996353714,1.221290812466308e-05,0.14335511120943265,0.01318950108715386
236.09613065326633,1040595.8399947274,1064.097118101477,26.951659925670082,91236.1085884502,397603.9533163696,90258.19423994474,358994.2408584208,1859.9011748317675,1114.0716489673039,0.0001449550720641253,1.2255473565689857e-05,0.14262677347493669,0.0132577198304417
236.7302512562814,1063533.6612910198,1061.7770198456155,27.536491313361303,92420.11050665252,397768.66805378476,91418.45607129314,359145.9673912967,1863.468996236852,1119.8664193558557,0.00014382385373183076,1.2298218270250742e-05,0.14189909240909018,0.013326517280101922
237.36437185929648,1086841.9952696576,1059.447756627947,28.13148886065234,93606.28283125116,397929.3694405465,92580.42573875148,359295.0120251476,1867.103993317592,1125.7394394653693,0.00014270378259730317,1.2341145536166185e-05,0.14117206927710346,0.013395906570388963
237.99849246231156,1110524.453113351,1057.1091965708085,28.736806673049287,94794.66006211104,398086.00773817295,93744.13050781729,359441.33626342716,1870.8076399931726,1131.6927872692215,0.0001415946404325917,1.2384258751289994e-05,0.14044570549148186,0.013465901250871404
238.63261306532664,1134584.6560638088,1054.7612050543553,29.352601918209302,95985.27729179154,398238.5322271985,94909.59812324899,359584.9007969999,1874.5814639996352,1137.728620546108,0.00014049621303521023,1.2427561396795353e-05,0.13972000261400466,0.013536515302423575
239.26673366834171,1159026.23551309,1052.4036446245782,29.97903492803314,97178.17022603951,398386.8911745283,96076.85682653436,359725.6654781251,1878.4270492407454,1143.8491802918218,0.00013940829011469926,1.2471057050604085e-05,0.13899496235772674,0.013607763154006877
239.9008542713568,1183852.833103462,1050.0363748973516,30.616269305035164,98373.37520512867,398531.03179948096,97245.93537408549,359863.5892933885,1882.3460382671979,1150.0567943185313,0.00013833066518160057,1.251474939096686e-05,0.13827058658900623,0.013679659700288897
240.53497487437187,1209068.1008406978,1047.6592524583132,31.264472033204154,99570.92922609113,398670.9002384502,98416.8630561951,359998.6303355238,1886.340134892343,1156.3538810536497,0.00013726313543873704,1.2558642200202233e-05,0.13754687732955007,0.01375222032015124
241.16909547738692,1234675.7012160493,1045.2721307583413,31.923813593591635,100770.86996588591,398806.4415081111,99589.66971679834,360130.7457740661,1890.4111069532432,1162.7429535514912,0.00013620550167471726,1.260273936860328e-05,0.13682383675848947,0.013825460896141234
241.80321608040202,1260679.307343734,1042.8748600043984,32.594468084871174,101973.23580555692,398937.599467093,100764.38577407911,360259.8918247709,1894.5607892264986,1169.2266237317133,0.00013515756815956216,1.2647044898520924e-05,0.13610146721447314,0.01389939783492596
242.43733668341707,1287082.6031052456,1040.4672870454792,33.276613349124815,103178.06585543195,399064.31677604094,101941.04224197453,360386.02371773723,1898.7910865091128,1175.807606859575,0.00013411914254236776,1.2691562908633354e-05,0.13537977119778682,0.01397404808881128
243.07145728643215,1313889.2833115584,1038.049255253408,33.9704311031455,104385.39998142053,399186.5348559699,103119.67075261739,360509.0956641566,1903.103976875187,1182.4887262844566,0.00013309003575090735,1.2736297638412456e-05,0.1346587513724911,0.014049429178393752
243.70557788944723,1341103.0538735099,1035.6206043981792,34.67610707553921,105595.27883247069,399304.19384482637,104300.30357977877,360629.06082161755,1907.5015151203997,1189.2729184539426,0.00013207006189308826,1.27812534527977e-05,0.1339384105685829,0.014125559216417049
244.3396984924623,1368727.631988099,1033.1811705175533,35.3938311499487,106807.7438692458,399417.2325521532,105482.97366335591,360745.871257882,1911.985836406855,1196.1632382224395,0.00013105903816017515,1.2826434847089622e-05,0.13321875178418116,0.014202456932910806
244.97381909547738,1396766.746337479,1030.7307857805747,36.123797514730995,108022.83739409536,399525.5884117549,106667.7146349748,360859.4779130503,1916.5591601220376,1203.1628644746136,0.00013005678473168136,1.2871846452075272e-05,0.132499778187728,0.01428014170169487
245.60793969849246,1425224.1373016392,1028.2692783446591,36.86620481944643,109240.60258238808,399629.1974322513,107854.56084476464,360969.83056002087,1921.2237939666609,1210.2751060855903,0.00012906312468184697,1.2917493039399104e-05,0.1317814931202131,0.014358633568338422
246.24206030150754,1454103.5571871712,1025.7964722058928,37.62125633853918,110461.08351528682,399727.9941453971,109043.54738937264,361076.87776314956,1925.9821382873183,1217.503408241585,0.00012807788388761632,1.2963379527193528e-05,0.13106390009742122,0.014437953279669924
246.8761809045226,1483408.7704684602,1023.3121870421367,38.389160142614536,111684.32521404474,399821.9115520459,110234.71014129142,361180.5668350048,1930.8366906712406,1224.8513591465523,0.00012710089093801802,1.300951098598448e-05,0.1303470028121972,0.01451812231494116
247.5103015075377,1513143.5540469245,1020.8162380485209,39.17012927775126,112910.37367591712,399910.88106561603,111428.08577957685,361280.8437911065,1935.7900508217413,1232.3226971425852,0.0001261319770448644,1.3055892644888424e-05,0.1296308051367327,0.01459916291875673
248.14442211055277,1543311.6975252272,1018.3084357648736,39.964381953303466,114139.27591177888,399994.8324529204,112623.71182203821,361377.6533025342,1940.84492573456,1239.9213182739013,0.00012517097595467823,1.3102529898118105e-05,0.12891531112487511,0.014681098135888195
248.77854271356784,1573917.0034984516,1015.7885858946041,40.772141738696924,115371.07998554705,400073.6937721998,113821.62665898472,361470.9386462741,1946.0041351969487,1247.6512843270098,0.00012421772386175337,1.3149428311816002e-05,0.12820052501445564,0.01476395184810227
249.4126633165829,1604963.2878628005,1013.256489114523,41.59363776974203,116605.83505552202,400147.3913081988,115021.86958862888,361560.64165317547,1951.2706176331976,1255.5168313821223,0.000123272059322262,1.3196593631235459e-05,0.12748645122964164,0.014847748813141711
250.046783919598,1636454.380141637,1010.7119408750438,42.42910496503405,117843.59141775679,400215.8495041058,116224.48085424169,361646.7026533682,1956.647436322303,1263.522378914039,0.0001223338231693131,1.3244031788291108e-05,0.1267730943833137,0.014932514706008981
250.68090452261305,1668394.1238320405,1008.1547311901805,43.27878425304734,119084.40055158405,400278.99089016765,117429.50168317085,361729.0604189904,1962.1377860156542,1271.6725394839532,0.00012140285842886475,1.3291748909501625e-05,0.1260604592794652,0.01501827616271443
251.31502512562815,1700786.3767681487,1005.5846444166945,44.14292281057377,120328.31516742532,400336.73600877833,118636.97432783371,361807.6521040597,1967.744999985155,1279.9721290672235,0.00012047901023639762,1.3339751324349771e-05,0.12534855091563105,0.015105060826663939
251.9491457286432,1733635.0115074213,1003.0014590217196,45.02177431320418,121575.38925703372,400389.0033358243,119846.94210881289,361882.41318131366,1973.472557534654,1288.4261780661486,0.00011956212575425004,1.3388045574086271e-05,0.124637374485349,0.015192897397874851
252.5832663316583,1766943.915736915,1000.404947338124,45.91559919860239,122825.67814631798,400435.7091980523,121059.44946018605,361953.2773758257,1979.3240920107207,1297.0399430611085,0.00011865205408950996,1.343663842100639e-05,0.12392693538065128,0.015281815685224819
253.21738693467336,1800716.9927012266,997.79487530683,46.82466494337728,124079.23855090963,400476.76768621226,122274.54197723011,362020.1765951971,1985.3033993518334,1305.8189193582816,0.00011774864621236518,1.3485536858229944e-05,0.1232172391945988,0.015371846661954644
253.85150753768843,1834958.1616543825,995.1710022052331,47.74924635441602,125336.12863465621,400512.0905637082,123492.26646665872,362083.0408561067,1991.4144472187527,1314.7688543973345,0.0001168517548748024,1.3534748120018137e-05,0.12250829172386042,0.015463022524665044
254.4856281407035,1869671.3583348372,992.5330803608218,48.689625875619235,126596.4080712247,400541.5871704618,124712.67099955435,362141.7982069763,1997.661384752635,1323.8957620885965,0.00011596123452953995,1.358427969266315e-05,0.12180009897134265,0.015555376756067503
255.1197487437186,1904860.5354664526,989.8808548490096,49.64609391102455,127860.13810902051,400565.16432169074,125935.80496717282,362196.3746465106,2004.04855301191,1333.205938155164,0.00011507694124908985,1.3634139325988931e-05,0.12109266714888374,0.015648944191770525
255.75386934673367,1940529.663284565,987.214063174116,50.618949165417234,129127.38163964555,400582.72620125685,127161.71913981717,362246.69403782784,2010.5804961436543,1342.7059765631743,0.00011419873264481799,1.3684335045505364e-05,0.12038600268001795,0.015743761091408574
256.38798994974877,1976682.730090559,984.5324349323669,51.60849900358288,130398.20327012659,400594.1742492289,128390.4657289796,362292.6780178941,2017.2619733505212,1352.4027871308638,0.00011332646778588967,1.3734875165260647e-05,0.11968011220282969,0.015839865214445806
257.0221105527638,2013323.7428352495,981.8356914556679,52.615059829465096,131672.66939917975,400599.4070432743,129622.0984529858,362334.24590194406,2024.0979717201838,1362.3036144160556,0.00011246000711796288,1.3785768301440986e-05,0.11897500257290748,0.015937295901017175
257.65623115577887,2050456.7277304668,979.1235454348167,53.638957486589156,132950.8482977773,400598.3201734538,130856.67260637373,362371.31458254106,2031.0937199908233,1372.416057991399,0.00011159921238149516,1.3837023386770347e-05,0.11827068086641865,0.016036094158200908
258.290351758794,2088085.730895084,976.395700520726,54.68052768121859,134232.81019432712,400590.80610997474,132094.24513327508,362403.7984229153,2038.2547033333278,1382.7480942274142,0.0001107439465295256,1.388864968576765e-05,0.11756715438333165,0.016136302752151884
258.924472361809,2126214.819031475,973.6518509020788,55.740116429843546,135518.6273647789,400576.75406340614,133334.8747050766,362431.6091441706,2045.5866792390984,1393.3080997156037,0.00010989407364477992,1.3940656810923634e-05,0.11686443065081117,0.016237966306564672
259.55859296482413,2164848.0801381613,970.8916808577196,56.818080532723606,136808.37422801988,400556.04983682686,134578.62180267656,362454.6557059327,2053.095694611313,1404.1048764771215,0.00010904945885593439,1.3993054739864823e-05,0.11616251742681294,0.0163411314079775
260.1927135678392,2203989.624259393,968.1148642819678,57.91478807535392,138102.12744693324,400528.5756693373,135825.54880366032,362472.8441799691,2060.78810416742,1415.1476791174903,0.00010820996825288409,1.4045853833577944e-05,0.11546142270393014,0.016445846718476004
260.8268341708543,2243643.5842713714,965.3210641808196,59.03061895989535,139399.96603553585,400494.210070301,137075.72007476285,362486.0776162664,2068.670590272146,1426.446244104716,0.0001073754688008197,1.4099064855774734e-05,0.11476115471351855,0.016552163096408445
261.46095477386933,2283814.116710911,962.5099321368971,60.16596546876758,140701.9714726487,400452.8276436486,138329.20207000934,362494.25590101554,2076.7501843325153,1438.010821366556,0.00010654582825294356,1.4152698993483867e-05,0.11406172193017271,0.016660133725781318
262.09507537688444,2324505.402645666,959.6811077407676,61.32123286281913,142008.22782258756,400404.2989015008,139586.06343496311,362497.2756059025,2085.034289900719,1449.852208423979,0.00010572091506160182,1.4206767878964972e-05,0.1133631330765976,0.016769814255069612
262.7291959798995,2365721.6485888446,956.8342179860533,62.49684001668287,143318.82186340712,400348.49006631214,140846.3751175453,362495.0298280453,2093.5307076463864,1461.98178730103,0.00010490059828763047,1.4261283613047906e-05,0.11266539712895839,0.016881262946246343
263.36331658291454,2407467.0874624816,953.9688766255393,63.69322009417824,144633.84322328286,400285.2628606613,142110.21048593574,362487.4080198682,2102.247662377427,1474.4115644779533,0.00010408474750767805,1.431625879001049e-05,0.11196852332279263,0.016994540834916163
263.99743718592964,2449745.9796099574,951.0846834851873,64.91082126687353,145953.38452566724,400214.47428373527,143377.64545411261,362474.2958081299,2111.1938323088257,1487.1542141840023,0.00010327323271924557,1.4371706524118124e-05,0.11127252115957231,0.017109711902525537
264.63155778894475,2492562.6138617564,948.1812237327196,66.15010747921698,147277.5415439134,400135.9763734646,144648.758615636,362455.57480125414,2120.37838080107,1500.2231253599523,0.00010246592424318227,1.4427640477960756e-05,0.11057740041404171,0.01722684326172055
265.2656783919598,2535921.3086571665,945.2580670970868,67.41155926396112,148606.41336612997,400049.6159531758,145923.6313863421,362431.1223840347,2129.810990815483,1513.6324526579876,0.00010166269262333559,1.4484074892735497e-05,0.109883171142451,0.017346005356033048
265.89979899497484,2579826.4132244796,942.3147670347922,68.69567461196691,149940.10257109825,399955.23436151113,147202.3481566763,362400.811498691,2139.5019023623963,1527.397171889566,0.00010086340852302975,1.4541024620637906e-05,0.10918984369184188,0.017467272175198258
266.53391959798995,2624282.308825823,939.3508598386675,70.00296990087007,151278.7154161701,399852.6671642496,148484.99645446442,362364.51041115745,2149.461953250669,1541.5331403802052,0.00010006794261802811,1.4598505159540978e-05,0.10849742871055665,0.017590721487544633
267.168040201005,2669293.410066232,936.3658636842137,71.33398088752595,152622.36203815052,399741.74384653434,149771.66711900462,362322.08246138087,2159.7026234842433,1556.0571627449954,9.927616036755145e-05,1.4656532690158966e-05,0.10780593266678916,0.017716435091049563
267.8021608040201,2714864.166275451,933.3592776081844,72.68926376965975,153971.15666827463,399622.2874838485,151062.4544874461,362273.38579626934,2170.2360836931953,1570.9870626614118,9.848794194569322e-05,1.471512411591352e-05,0.10711537544532806,0.01784449908482862
268.43628140703515,2760999.062963902,930.3305804135048,74.06939632266685,155325.21786249513,399494.1143899389,152357.4565945201,362218.27308381745,2181.075248034935,1586.3417612866076,9.770315265695328e-05,1.4774297105741523e-05,0.10642576454337666,0.017975004163017772
269.07040201005026,2807702.6233584303,927.2792294940226,75.47497911817086,156684.66874842902,399357.03373967024,153656.77538680323,362156.5912067551,2192.2338320557865,1602.1413630483737,9.692166206906891e-05,1.4834070140110483e-05,0.10573711194938397,0.018108045933230066
269.7045226130653,2854979.410024107,924.2046595719015,76.90663683158431,158049.63729045237,399210.84716461564,154960.51695281357,362088.18093392154,2203.7264160657587,1618.4072496308702,9.614333915896182e-05,1.4894462560534194e-05,0.10504943003199076,0.018243725262011103
270.3386432160804,2902834.0265757507,921.1062813396916,78.3650196467337,159420.25657458912,399055.3483189334,156268.79177038244,362012.8765673584,2215.568514651107,1635.1621830833471,9.53680521748643e-05,1.4955494622914738e-05,0.10436273156331896,0.01838214865000004
270.97276381909546,2951271.1194871566,917.9834799982565,79.85080476645271,160796.6651150174,398890.3224128301,157581.71497289417,361930.5055629058,2227.776653031575,1652.430419101647,9.459566849117526e-05,1.501718755507172e-05,0.10367702974571816,0.018523428639816295
271.6068844221105,3000295.380003326,914.8356136807365,81.36469803905493,162179.00718422848,398715.54571060435,158899.40663617814,361840.88812184084,2240.3684510641538,1670.2378316732793,9.382605445525352e-05,1.507956361886115e-05,0.10299233824252635,0.01866768426005314
272.2410050251256,3049911.546163266,911.6620117516468,82.90743571167627,163567.43316908987,398530.784989945,160221.99208802165,361743.8367508282,2253.3627158044956,1688.6120504383116,9.3059075225245e-05,1.514264617733149e-05,0.10230867121347918,0.018815041509164816
272.8751256281407,3100124.4049420548,908.4619729689604,84.4797863227535,164962.09995532388,398335.79695876973,161549.60224250218,361639.15578713844,2266.7795436635747,1707.582612306046,9.229459459794114e-05,1.5206459767416982e-05,0.10162604335552328,0.018965633883500876
273.50924623115577,3150938.794518828,905.2347634955653,86.08255274732024,166363.17134321973,398130.3276254672,162882.37396160848,361526.6408857409,2280.6404333441683,1727.1811290842259,9.153247482553287e-05,1.5271030178727227e-05,0.1009444699498998,0.019119602954271567
274.1433668341708,3202359.6066817804,901.9796147449448,87.71657441041212,167770.81849770856,397914.11161792255,164220.45044688814,361406.0784644796,2294.9684109116133,1747.4414731295133,9.077257641999895e-05,1.53363845390593e-05,0.10026396691654142,0.019277098998836575
274.7774874371859,3254391.789379715,898.6957210440337,89.38272968570473,169185.2204363263,397686.87144615676,165563.98166420992,361277.2451030915,2309.788168552318,1768.399983321208,9.00147579436914e-05,1.5402551407335115e-05,0.09958455087699039,0.01943828169240623
275.411608040201,3307040.349431271,895.382237094136,91.08193849862525,170606.56455901524,397448.3167027715,166913.12480510198,361139.9068912998,2325.12621880513,1790.0956940031622,8.925887578451588e-05,1.546956087475485e-05,0.09890623922728317,0.019603320867049034
276.0457286432161,3360310.3554042545,892.0382752083877,92.81516515555356,172035.0472242145,397198.1431946902,168268.04478856313,360993.81872063945,2341.011066322474,1812.5705899393142,8.85047839138842e-05,1.5537444675057366e-05,0.09822905022250572,0.0197723973458235
276.67984924623113,3414206.9406773406,888.6629023015001,94.58342142348037,173470.8743762475,396936.0319988513,169628.91480773722,360838.7235139851,2357.4733995372294,1835.8698907991466,8.775233362539552e-05,1.56062363048937e-05,0.09755300307506014,0.01994570386092307
277.31396984924623,3468735.306702446,885.2551366043515,96.38776988767574,174914.2622296878,396661.6484335632,170995.91692642556,360674.3513859748,2374.5463049872296,1860.0423692440274,8.70013732519275e-05,1.567597115545331e-05,0.09687811806907383,0.020123446065966735
277.9480904522613,3523900.72647815,881.813944072346,98.22932761850822,176365.4380171126,396374.6409361612,172369.24273105912,360500.41872664116,2392.265507493897,1885.1407073389034,8.625174785851218e-05,1.5746686656634924e-05,0.0962044166938596,0.020305843654007463
278.5822110552764,3579708.5482595777,878.3382344522647,100.10927018282116,177824.6408075495,396074.6398363276,173749.09404452844,360316.627199513,2410.6696399177713,1911.2218967903718,8.550329890802584e-05,1.5818422435232607e-05,0.09553192179992882,0.02049313159451932
279.21633165829144,3636164.1995184175,874.8268569674108,102.02883604010101,179292.1224039117,395761.25601299934,175135.68370914736,360122.66264426475,2429.8005468409524,1938.3476894329347,8.475586389631062e-05,1.589122048881267e-05,0.09486065778176202,0.020685561504590666
279.8504522613065,3693273.1911784736,871.2785955751993,103.9893313693484,180768.14832890534,395434.07942110335,176529.23644706316,359918.1938726064,2449.7036272738565,1966.5851054844093,8.400927595288359e-05,1.5965125377197625e-05,0.09419065079241586,0.02088340317186416
280.4845728643216,3751041.1221510544,867.6921637447022,105.99213537917572,182252.99891025416,395092.6774723763,177929.98980762187,359702.87134447723,2470.4282223798573,1996.0070084074162,8.326336340283828e-05,1.604018443375351e-05,0.09352192899610126,0.02108694624948807
281.1186934673367,3809473.684197027,864.0661986939189,108.03870616134355,183746.9704776913,394736.5932522599,179338.19521260718,359476.3257097365,2492.02805528826,2026.692756793156,8.251794928492182e-05,1.611644799900472e-05,0.09285452286617563,0.02129650214655885
281.75281407035175,3868576.6671472522,860.3992550174057,110.13058715704472,185250.3766860593,394365.34355214087,180754.11911192996,359238.16619830823,2514.5617313665366,2058.728945590287,8.177285082001464e-05,1.61939696794877e-05,0.0921884655375768,0.02151240614135468
282.3869346733668,3928355.9645142863,856.6897976242407,112.26941431583016,186763.54998105337,393978.4166930877,182178.0442642719,358987.97883916576,2538.0933088977654,2092.210251306767,8.102787882338124e-05,1.627280663520782e-05,0.09152379322470197,0.021735019749195894
283.0210552763819,3988817.5795360906,852.9361938935805,114.45692403976408,188286.8432267898,393575.27011344297,183610.27115950835,358725.324485424,2562.69295202693,2127.2403986198183,8.028283705301913e-05,1.635301989960593e-05,0.09086054571815252,0.021964733382208026
283.655175879397,4049967.6316931187,849.1367049400619,116.69496202020233,189820.6315174721,393155.32768828585,185051.1196024513,358449.7366192219,2588.4376801834014,2163.9332692505827,7.95375214852139e-05,1.643467473657797e-05,0.09019876697677463,0.02220196934476674
284.28929648241206,4111812.3637491716,845.2894758633811,118.98549309245956,191365.31419914268,392717.9767434602,186500.93048071372,358160.7189056992,2615.4122310651614,2202.414178163556,7.879171950694727e-05,1.6517841039857984e-05,0.08953850583516362,0.022447185216268064
284.9234170854271,4174358.1493722866,841.3925248350243,121.33061225482788,192921.31713192834,392262.56472062133,187960.06774337363,357857.7424602264,2643.7100578213217,2242.821347327166,7.804520901305476e-05,1.6602593780988904e-05,0.0888798168514635,0.022700877682370835
285.5575376884422,4237611.501395816,837.4437308493177,123.73255702390243,194489.09522853058,391788.39544223173,189428.92062181624,357540.2427868464,2673.4344854751325,2285.307613685275,7.729775739391702e-05,1.6689013513206717e-05,0.08822276132614329,0.022963586887424295
286.19165829145726,4301579.08079594,833.4408199350764,126.19372132892424,196069.1353111062,391294.72491637303,190907.9061297337,357207.61633841204,2704.700057119681,2330.0424159754725,7.654912039693263e-05,1.6777186939894942e-05,0.08756740852981527,0.023235901394933298
286.82577889447236,4366267.706465119,829.3813495863825,128.71667118515944,197661.95933651715,390780.7566102557,192397.47188615115,356859.2166398487,2737.634107305329,2377.2141150311486,7.57990408419e-05,1.6867207557883955e-05,0.08691383718748295,0.02351846386029466
287.4598994974874,4431684.365875212,825.2626911253486,131.3041624315576,199268.12804937232,390245.6361080414,193898.09931363477,356494.3499050223,2772.3786087198505,2427.032714793583,7.504724716667367e-05,1.695917638783971e-05,0.08626213727851995,0.023811977541490153
288.0940201005025,4497836.2267425405,821.0820096535408,133.95916087364583,200888.24513396047,389688.44505220326,195410.30727408652,356112.2700641782,2809.0923492809316,2479.733067222338,7.429345177478647e-05,1.7053202806411734e-05,0.0856124122268949,0.024117213800118605
288.72814070351757,4564730.6498173,816.8362411797178,136.68486524077528,202522.9619504657,389108.1942477145,196934.65621708558,355712.1731024592,2847.9535108336518,2535.578664636797,7.353734915101634e-05,1.7149405497793124e-05,0.08496478157580967,0.02443502077847984
289.3622613065327,4632375.202944948,812.5220664259834,139.4847334515185,204172.98295862586,388503.8157835481,198471.7529313341,355293.1905895364,2889.162738743507,2594.866149152041,7.277861370373142e-05,1.7247913546054863e-05,0.08431938426636491,0.024766333480391645
289.9963819095477,4700777.676570278,808.1358807078725,142.36251278639082,205839.07195411512,387874.15399518335,200022.25600918676,354854.3822549667,2932.9468151199626,2657.9307026631127,7.201689728397753e-05,1.734886769424683e-05,0.08367638267314301,0.025112185536570072
290.63050251256277,4769946.100882652,803.6737591501628,145.32227469912067,207522.0592707111,387217.95505329565,201586.88215863693,354394.72743207595,2979.5630790111704,2725.1525248633716,7.125182632009079e-05,1.7452421802077046e-05,0.08303596759333258,0.025473723003199306
291.2646231155779,4839888.764839442,799.1314163314165,148.36845516452058,209222.8501363867,386533.85491520015,203166.4135279275,353913.1151530138,3029.3047771904485,2796.964664632679,7.048299849251447e-05,1.7558744541350732e-05,0.08239836444402192,0.0258522206294785
291.898743718593,4910614.237344807,794.5041592353854,151.5059016730621,210942.43441614683,385820.36531396414,204761.70624718332,353408.332626673,3082.5075826340453,2873.862546782562,6.970997885551636e-05,1.7668021377747182e-05,0.08176384099976376,0.026249101142859957
292.53286432160803,4982131.390916464,789.7868321119441,154.73992825415698,212681.8980317529,385075.85738115467,206373.7004417856,352879.051765907,3139.5575894498525,2956.4156386529503,6.893229528944412e-05,1.7780456899595197e-05,0.08113271710692312,0.026665958248294565
293.1669849246231,5054449.428237518,784.9737514941097,158.07638026147768,214442.4364226235,384298.5423973904,208003.43203729606,352323.8133463023,3200.901189993831,3045.281839478922,6.814943313733993e-05,1.7896277569968877e-05,0.08050537695326461,0.02710458423245709
293.8011055276382,5127577.912073195,780.0586291529908,161.5217111119242,216225.3705090316,383486.44903229875,209652.04676073737,351741.00826910575,3267.0573725476493,3141.225364346193,6.736082884082779e-05,1.8015734998916882e-05,0.07988228466603131,0.027567003323192344
294.43522613065323,5201526.799133995,775.0344801605131,165.08307377319994,218032.16574633733,382637.3962612959,211320.8168550509,351128.8552567826,3338.6331614073056,3245.139155241579,6.65658623389417e-05,1.813910985970468e-05,0.0792640042817099,0.028055512303358534
295.06934673366834,5276306.478597773,769.8935124152739,168.7684305975731,219864.45502897978,381748.9609153762,213011.16117273568,350485.3741182748,3416.3431781540044,3358.0732158304045,6.57638479254162e-05,1.826671660907607e-05,0.07865122550869813,0.028572730353176163
295.7034673366834,5351927.816168437,764.6269928908832,172.5866861791844,221724.06643188043,380818.43850963,214724.66951556964,349808.35346395115,3501.0346674123903,3481.270781876988,6.495402316825883e-05,1.8398909220309392e-05,0.07804479723910569,0.029121660749543102
296.3375879396985,5428402.204762699,759.2250843735594,176.54784938224572,223613.05708898982,379842.7955745211,216463.13236114485,349095.3114009269,3593.719855038336,3616.214978750145,6.413553537065678e-05,1.8536088204477793e-05,0.07744577153181235,0.029705767964209016
296.97170854271354,5505741.623197773,753.6766443963093,180.66323271491797,225533.7549397283,378818.6111336549,218228.5774950858,348343.4472585254,3695.618273501004,3764.689695164235,6.330742488020156e-05,1.8678709287572133e-05,0.07685546189806033,0.0303290749961003
297.60582914572865,5583958.704616711,747.9689751950385,184.94570006030708,227488.8106779139,377742.00416180206,220023.31559750543,347549.58172215684,3808.2128290611045,3928.8599992468635,6.246860431282257e-05,1.88272942407121e-05,0.0762755213466758,0.030996287633230268
298.2399497487437,5663066.816884479,742.0875094159393,189.40997780620356,229481.26309698276,376608.542709091,221849.99758580117,346710.08180182724,3933.3251111349277,4111.379832825918,6.161783241619338e-05,1.89824445455084e-05,0.0757080480588386,0.031712955060554174
298.87407035175875,5743080.157849382,736.0154103819469,194.07305023971549,231514.62226905214,375413.1287227744,223711.68760648975,345820.76568856824,4073.218110591808,4315.538429759185,6.0753680803947504e-05,1.9144858844906253e-05,0.075155730188662,0.03248568028514121
299.50819095477385,5824013.86928404,729.7330570040233,198.9546686505011,233592.97682982805,374149.8501681629,225611.95717697722,344876.78053482366,4230.738726261827,4545.462743191008,5.9874491066111585e-05,1.9315355526659992e-05,0.07462204680681125,0.03332240001898644
300.14231155778896,5905884.174596828,723.2173703052055,204.0780164821028,235721.13440449152,372811.78840814065,227555.00839993428,343872.443169479,4409.519261193941,4806.4025846068225,5.897831867072155e-05,1.949490238598884e-05,0.07411155052080437,0.03423276326115429
300.776432160804,5988708.547233074,716.4409183350388,209.4705927157836,237904.80846943444,371390.76321312255,229545.83790539904,342801.02911446214,4614.268468766584,5105.140789512686,5.8062858395684056e-05,1.9684656240889446e-05,0.07363027062166973,0.03522865315068551
301.41055276381906,6072505.919338848,709.3707043558232,215.1654070128432,240150.87168605824,369876.98897805455,231590.4590808418,341654.4879559624,4851.202217030269,5450.597411979883,5.71253433866912e-05,1.9886016845138825e-05,0.07318629672839355,0.03632492184795101
302.04467336683416,6157296.944221759,701.9664912899185,221.20263111988194,242467.70673155782,368258.6014674381,233696.20977177098,340423.051261506,5128.69854571768,5854.744187096872,5.616240564476289e-05,2.010070185079312e-05,0.07279063695498379,0.03754045094615336
302.6787939698492,6243104.332198662,694.1784281112073,227.6319367894684,244865.70417886323,366520.990521211,235872.18885286045,339094.679344266,5458.326169120964,6334.03250395089,5.516987854101457e-05,2.0330853644114855e-05,0.07245850066464904,0.03889972519244118
303.3129145728643,6329953.288997943,685.9435911864182,234.5159003890173,247357.98945355078,364645.8325576154,238129.8934842458,337654.25851722946,5856.520190540289,6911.705916054174,5.414250938602903e-05,2.0579196043353315e-05,0.07221125083122897,0.04043524565997435
303.94703517587936,6417872.10154414,677.1807742646407,241.93512857215103,249961.52046125362,362609.6409628258,240484.1809598282,336082.3973193705,6347.434267058603,7621.709640348625,5.30735271514103e-05,2.0849272039507887e-05,0.07207943945626474,0.04219137583632587
304.58115577889447,6506892.942703597,667.7823218844869,249.9962883520757,252698.8127481098,360381.50703010225,242954.77980584637,334353.54883281986,6968.05664147237,8515.649978576288,5.195396634584212e-05,2.114581939893014e-05,0.07210766093136638,0.044230762045870356
305.2152763819095,6597053.014601025,657.6006922610788,258.8453128955104,255600.78697758866,357919.40656201506,245568.78261348454,332432.93767136877,7777.995792877911,9675.991094898129,5.077155769048851e-05,2.1475394104247985e-05,0.07236264279395696,0.04664567584358234
305.8493969849246,6688396.241819231,646.4249678916641,268.69047553008335,258711.76509433085,355163.7889385694,248365.01709721427,330271.2197895361,8879.769992023637,11243.145240784004,4.950879605601948e-05,2.1847470965854893e-05,0.07294767500493562,0.04957952555249206
306.4835175879397,6780975.914827179,633.93646395842,279.8459766464728,262098.95446442883,352025.5576910623,251402.3369004454,327794.4574405359,10465.516502908104,13477.11044594839,4.813930666906019e-05,2.2276547122312538e-05,0.07403132025917078,0.05327157862260286
307.1176381909547,6874859.114156543,619.6155784496982,292.8233656822238,265872.45829985576,348361.0809098314,254777.09634759868,324883.2443712771,12940.94090498128,16918.73543916344,4.6620268448800086e-05,2.278661427868916e-05,0.07591478294832922,0.058162231002994065
307.7517587939698,6970134.864757174,602.5148653133284,308.5541655183105,270234.36644428846,343911.98163318686,258665.96329604005,321322.3178279723,17329.687494310278,22906.53949686649,4.487411573107438e-05,2.3422228254096688e-05,0.07923023154464018,0.06149823069235989
308.38587939698493,7066931.506444394,580.559707412553,329.0756580890799,275631.50008507224,338122.1786857107,263458.88215066475,316647.08220643416,27121.3885972758,35882.14909973142,4.273285651590168e-05,2.4283329503611758e-05,0.0857440201715364,0.0640103659176684
309.02,7165464.231505265,547.1504066770984,360.8619122996423,283509.2519054981,329267.0372644506,270413.28387904284,309410.51046769787,65537.2336421508,84080.3110964883,3.967334431934019e-05,2.5699765371153617e-05,0.10154517897662418,0.0681072209530493
